team__displayName,team__abbrName,team__logoId,team__logo,player__position,player__rosterId,player__fullName,player__yearsPro,player__injuryLength,player__portraitId,player__jerseyNum,gamesPlayed,fantasy_points,recTotalCatches,recAvgCatchPct,recTotalDrops,recTotalLongest,recTotalTDs,recTotalYdsAfterCatch,recTotalYds,recAvgYacPerCatch,recAvgYdsPerCatch,recAvgYdsPerGame
49ers,SF,14,,HB,553387292,Jordan James,0,0,10609,29,2,5.20,2,100.00,0,32,0,38,32,19.00,16.00,4.00
49ers,SF,14,,WR,553388059,Ricky Pearsall,1,0,10206,1,12,51.70,21,87.50,3,31,0,112,307,5.33,14.62,20.47
49ers,SF,14,,HB,553388241,Brian Robinson Jr,3,0,1918,3,9,28.90,15,88.24,2,22,0,171,139,11.40,9.27,9.27
49ers,SF,14,,WR,553386014,Brandon Aiyuk,5,0,71,11,15,170.10,50,89.29,6,52,8,239,721,4.78,14.42,48.07
49ers,SF,14,,WR,553387316,Jauan Jennings,5,0,391,15,14,190.70,69,89.61,8,43,8,334,737,4.84,10.68,49.13
49ers,SF,14,,TE,553386017,Jordan Akins,7,0,8796,87,5,21.70,7,77.78,2,18,1,36,87,5.14,12.43,5.80
49ers,SF,14,,HB,553387697,Christian McCaffrey,8,16,8655,23,14,98.90,38,97.44,1,37,3,281,429,7.39,11.29,30.64
49ers,SF,14,,TE,553387484,George Kittle,8,0,8622,85,14,129.10,33,94.29,2,60,8,207,481,6.27,14.58,32.07
49ers,SF,14,,FB,553387434,Kyle Juszczyk,12,0,6869,44,4,17.80,4,80.00,1,12,2,8,18,2.00,4.50,1.20
Bears,CHI,0,,TE,553387613,Colston Loveland,0,0,10639,84,15,288.60,87,89.69,10,74,14,497,1176,5.71,13.52,78.40
Bears,CHI,0,,WR,553386352,Luther Burden III,0,0,10510,10,13,100.50,36,83.72,7,41,4,131,405,3.64,11.25,28.93
Bears,CHI,0,,WR,553387964,Rome Odunze,1,0,10199,15,13,100.10,29,90.62,3,55,4,97,471,3.34,16.24,31.40
Bears,CHI,0,,TE,553387486,Cole Kmet,5,0,711,85,7,14.80,8,100.00,0,18,0,34,68,4.25,8.50,5.67
Bears,CHI,0,,HB,553388560,D'Andre Swift,5,0,599,4,15,155.20,52,96.30,2,40,8,463,552,8.90,10.62,36.80
Bears,CHI,0,,WR,553386695,Devin Duvernay,5,0,265,12,1,1.50,1,100.00,0,5,0,1,5,1.00,5.00,0.33
Bears,CHI,0,,WR,553387844,DJ Moore,7,0,8995,2,15,149.60,49,96.08,2,73,5,293,706,5.98,14.41,47.07
Bears,CHI,0,,TE,553388468,Durham Smythe,7,0,9064,81,4,7.30,3,75.00,1,22,0,25,43,8.33,14.33,3.58
Bengals,CIN,1,,HB,553386300,Tahj Brooks,0,0,10500,25,1,6.80,1,100.00,0,58,0,50,58,50.00,58.00,4.14
Bengals,CIN,1,,TE,553386026,Erick All Jr,1,0,9997,83,3,7.00,4,100.00,0,11,0,12,30,3.00,7.50,2.00
Bengals,CIN,1,,WR,553387243,Andrei Iosivas,2,0,2229,80,15,189.50,56,91.80,5,70,8,324,855,5.79,15.27,57.00
Bengals,CIN,1,,WR,553387384,Charlie Jones,2,0,2246,15,1,1.90,1,100.00,0,9,0,6,9,6.00,9.00,0.60
Bengals,CIN,1,,HB,553386312,Chase Brown,2,0,1827,30,15,67.50,35,97.22,1,27,1,229,265,6.54,7.57,17.67
Bengals,CIN,1,,WR,553386439,Ja'Marr Chase,4,0,1370,1,15,259.40,89,97.80,2,74,10,447,1104,5.02,12.40,73.60
Bengals,CIN,1,,WR,553387141,Tee Higgins,5,0,351,5,15,163.50,52,91.23,5,53,6,247,755,4.75,14.52,50.33
Bengals,CIN,1,,TE,553386774,Noah Fant,6,0,9452,86,7,31.80,9,90.00,1,47,2,60,108,6.67,12.00,7.20
Bengals,CIN,1,,TE,553386900,Mike Gesicki,7,0,8900,88,14,134.80,53,96.36,2,38,5,197,518,3.72,9.77,34.53
Bengals,CIN,1,,HB,553388076,Samaje Perine,9,0,8685,34,3,13.30,4,100.00,0,21,1,37,33,9.25,8.25,2.36
Bills,BUF,2,,TE,553387082,Jackson Hawes,0,0,10581,85,2,2.60,2,100.00,0,3,0,2,6,1.00,3.00,0.40
Bills,BUF,2,,WR,553386482,Keon Coleman,1,0,10038,0,1,4.60,2,100.00,0,13,0,9,26,4.50,13.00,6.50
Bills,BUF,2,,HB,553386594,Ray Davis,1,0,10051,22,6,18.00,10,100.00,0,16,0,59,80,5.90,8.00,5.33
Bills,BUF,2,,TE,553387469,Dalton Kincaid,2,0,2277,86,3,9.20,3,75.00,1,37,0,21,62,7.00,20.67,4.13
Bills,BUF,2,,HB,553386505,James Cook III,3,0,1304,4,14,117.20,49,89.09,6,58,3,481,502,9.82,10.24,35.86
Bills,BUF,2,,WR,553388365,Khalil Shakir,3,0,1942,10,15,168.20,57,89.06,7,70,5,392,812,6.88,14.25,54.13
Bills,BUF,2,,WR,553387845,Elijah Moore,4,0,1162,18,14,120.90,33,86.84,5,53,5,137,579,4.15,17.55,38.60
Bills,BUF,2,,WR,553388030,Joshua Palmer,4,0,1248,5,14,166.90,44,91.67,4,57,8,206,749,4.68,17.02,53.50
Bills,BUF,2,,FB,553386912,Reggie Gilliam,5,0,1432,41,2,3.00,2,100.00,0,7,0,3,10,1.50,5.00,0.67
Bills,BUF,2,,TE,553387492,Dawson Knox,6,0,9546,88,14,153.60,63,87.50,9,49,2,305,786,4.84,12.48,52.40
Bills,BUF,2,,HB,553387361,Ty Johnson,6,0,136,26,1,1.80,1,100.00,0,8,0,8,8,8.00,8.00,0.53
Bills,BUF,2,,WR,553388315,Curtis Samuel,8,0,8716,1,1,24.10,6,100.00,0,20,2,14,61,2.33,10.17,4.07
Broncos,DEN,3,,HB,553387072,RJ Harvey,0,0,10579,12,10,39.70,17,100.00,0,23,1,158,167,9.29,9.82,11.13
Broncos,DEN,3,,HB,553387749,Jaleel McLaughlin,2,0,10419,38,1,2.20,1,100.00,0,12,0,3,12,3.00,12.00,0.80
Broncos,DEN,3,,WR,553387811,Marvin Mims Jr,2,0,2312,19,15,155.70,44,91.67,4,73,5,273,817,6.20,18.57,54.47
Broncos,DEN,3,,WR,553388490,Amon-Ra St. Brown,4,0,1313,15,15,217.00,56,96.55,2,70,12,325,890,5.80,15.89,59.33
Broncos,DEN,3,,TE,553388679,Adam Trautman,5,0,622,82,7,20.00,10,90.91,1,23,0,12,100,1.20,10.00,6.67
Broncos,DEN,3,,HB,553386652,J.K. Dobbins,5,0,257,27,12,62.10,26,92.86,2,39,2,212,241,8.15,9.27,16.07
Broncos,DEN,3,,WR,553388553,Courtland Sutton,7,0,9072,14,7,43.70,13,86.67,2,49,2,72,187,5.54,14.38,12.47
Broncos,DEN,3,,WR,553386436,D.J. Chark Jr,7,0,8843,83,15,171.20,60,93.75,4,46,6,254,752,4.23,12.53,50.13
Broncos,DEN,3,,TE,553386741,Evan Engram,8,0,8545,1,15,113.60,48,94.12,3,36,2,222,536,4.62,11.17,35.73
Broncos,DEN,3,,FB,553386366,Michael Burton,10,0,7034,20,2,4.80,2,100.00,0,16,0,22,28,11.00,14.00,1.87
Browns,CLE,4,,TE,553386772,Harold Fannin Jr.,0,0,10549,44,12,65.90,32,94.12,2,19,1,89,279,2.78,8.72,18.60
Browns,CLE,4,,HB,553387429,Quinshon Judkins,0,0,10618,10,14,89.80,45,100.00,0,63,1,473,388,10.51,8.62,25.87
Browns,CLE,4,,HB,553389106,Raheim Sanders,0,0,10717,35,1,4.30,3,100.00,0,17,0,12,13,4.00,4.33,0.87
Browns,CLE,4,,WR,553388645,Cedric Tillman,2,0,2426,19,14,90.20,30,88.24,4,59,4,139,362,4.63,12.07,24.13
Browns,CLE,4,,TE,553388861,Josh Whyle,2,0,2475,81,1,7.90,1,100.00,0,9,1,3,9,3.00,9.00,0.60
Browns,CLE,4,,WR,553386246,Kayshon Boutte,2,0,1640,82,4,27.60,11,100.00,0,26,1,31,106,2.82,9.64,26.50
Browns,CLE,4,,HB,553386823,Jerome Ford,3,0,1604,34,2,15.20,6,100.00,0,12,1,39,32,6.50,5.33,2.13
Browns,CLE,4,,WR,553387319,Jerry Jeudy,5,0,392,3,15,121.70,47,83.93,9,46,2,187,627,3.98,13.34,41.80
Browns,CLE,4,,WR,553387341,Diontae Johnson,6,0,9529,89,12,124.00,37,88.10,5,38,6,128,510,3.46,13.78,39.23
Browns,CLE,4,,TE,553387067,N'Keal Harry,6,0,9493,84,4,9.20,5,100.00,0,23,0,20,42,4.00,8.40,5.25
Browns,CLE,4,,TE,553387939,David Njoku,8,0,8674,83,7,70.20,29,87.88,4,39,1,129,352,4.45,12.14,50.29
Browns,CLE,4,,HB,553386729,Ezekiel Elliott,9,0,7993,24,3,6.00,4,100.00,0,6,0,16,20,4.00,5.00,2.50
Buccaneers,TB,5,,WR,553386714,Emeka Egbuka,0,0,10542,2,14,91.90,33,84.62,6,41,3,107,409,3.24,12.39,27.27
Buccaneers,TB,5,,HB,553387244,Bucky Irving,1,0,10113,7,15,166.00,75,96.15,3,54,4,552,670,7.36,8.93,44.67
Buccaneers,TB,5,,TE,553388017,Cade Otton,3,0,1872,88,6,24.20,8,80.00,2,22,1,53,102,6.62,12.75,6.80
Buccaneers,TB,5,,TE,553387467,Ko Kieft,3,0,2566,41,3,8.70,3,100.00,0,22,0,12,57,4.00,19.00,3.80
Buccaneers,TB,5,,HB,553388853,Rachaad White,3,0,2028,1,4,13.80,4,100.00,0,16,1,17,38,4.25,9.50,2.53
Buccaneers,TB,5,,WR,553386928,Chris Godwin Jr,8,0,8567,14,15,125.40,42,89.36,5,57,2,240,714,5.71,17.00,47.60
Buccaneers,TB,5,,TE,553386762,Gerald Everett,8,0,8549,83,11,29.20,15,88.24,2,24,0,53,142,3.53,9.47,9.47
Buccaneers,TB,5,,WR,553386757,Mike Evans,11,0,6407,13,15,162.30,42,84.00,8,64,8,151,723,3.60,17.21,48.20
Cardinals,ARI,6,,WR,553387062,Marvin Harrison Jr,1,0,10102,18,15,121.10,41,80.39,10,59,3,128,621,3.12,15.15,41.40
Cardinals,ARI,6,,TE,553388196,Tip Reiman,1,0,10225,87,10,28.40,15,100.00,0,36,0,41,134,2.73,8.93,8.93
Cardinals,ARI,6,,HB,553386186,Trey Benson,1,0,10011,33,4,7.70,4,80.00,1,15,0,23,37,5.75,9.25,2.47
Cardinals,ARI,6,,TE,553387139,Elijah Higgins,2,0,2209,84,3,4.70,3,100.00,0,7,0,2,17,0.67,5.67,1.13
Cardinals,ARI,6,,WR,553388926,Michael Wilson,2,0,2480,14,13,74.30,28,90.32,3,51,2,68,343,2.43,12.25,22.87
Cardinals,ARI,6,,TE,553387696,Trey McBride,3,0,1830,85,14,188.10,58,79.45,15,64,6,285,941,4.91,16.22,67.21
Cardinals,ARI,6,,WR,553386658,Greg Dortch,7,0,9442,4,4,8.20,4,57.14,3,19,0,15,42,3.75,10.50,2.80
Cardinals,ARI,6,,HB,553386498,James Conner,8,0,8515,6,11,31.20,19,86.36,3,21,0,119,122,6.26,6.42,8.71
Cardinals,ARI,6,,WR,553387417,Zay Jones,8,0,8611,17,8,18.90,7,70.00,3,33,0,42,119,6.00,17.00,7.93
Chargers,LAC,7,,WR,553387520,KeAndre Lambert-Smith,0,0,10631,84,1,6.80,3,100.00,0,16,0,9,38,3.00,12.67,5.43
Chargers,LAC,7,,HB,553387024,Omarion Hampton,0,0,10572,8,11,51.30,25,96.15,1,41,1,192,203,7.68,8.12,13.53
Chargers,LAC,7,,TE,553386871,Oronde Gadsden II,0,0,10558,86,15,123.20,53,88.33,7,22,3,134,522,2.53,9.85,34.80
Chargers,LAC,7,,WR,553387060,Tre Harris,0,0,10578,9,13,160.10,50,87.72,7,71,6,170,741,3.40,14.82,49.40
Chargers,LAC,7,,WR,553387710,Ladd McConkey,1,0,10169,15,13,194.90,61,88.41,8,33,8,201,859,3.30,14.08,61.36
Chargers,LAC,7,,WR,553386582,Derius Davis,2,0,3053,12,1,7.60,3,100.00,0,22,0,12,46,4.00,15.33,3.29
Chargers,LAC,7,,FB,553387676,Scott Matlock,2,0,4689,44,8,15.20,11,91.67,1,7,0,32,42,2.91,3.82,2.80
Chargers,LAC,7,,HB,553387057,Najee Harris,4,0,1308,22,2,19.90,4,100.00,0,57,1,87,99,21.75,24.75,7.07
Chargers,LAC,7,,HB,553386015,Cam Akers,5,0,72,21,1,2.30,1,100.00,0,13,0,19,13,19.00,13.00,2.60
Chargers,LAC,7,,TE,553386494,Tyler Conklin,7,0,8852,83,9,27.90,14,87.50,2,20,0,40,139,2.86,9.93,9.27
Chargers,LAC,7,,TE,553386649,Will Dissly,7,0,8871,89,1,8.80,1,100.00,0,18,1,0,18,0.00,18.00,1.20
Chargers,LAC,7,,WR,553386035,Keenan Allen,12,0,5654,13,13,123.30,41,89.13,5,32,5,109,523,2.66,12.76,37.36
Chiefs,KC,8,,WR,553388975,Xavier Worthy,1,0,10305,1,14,157.70,41,95.35,2,50,8,250,687,6.10,16.76,45.80
Chiefs,KC,8,,WR,553388213,Rashee Rice,2,0,2366,4,15,135.30,49,85.96,8,31,6,192,503,3.92,10.27,33.53
Chiefs,KC,8,,HB,553388027,Isiah Pacheco,3,0,1875,10,12,101.40,42,100.00,0,60,3,446,414,10.62,9.86,29.57
Chiefs,KC,8,,HB,553387820,Elijah Mitchell,4,0,1177,25,1,1.70,1,100.00,0,7,0,3,7,3.00,7.00,0.64
Chiefs,KC,8,,TE,553386965,Noah Gray,4,0,1085,83,8,21.90,9,90.00,1,19,1,16,69,1.78,7.67,4.60
Chiefs,KC,8,,WR,553386318,Marquise Brown,6,0,9402,5,15,150.50,53,89.83,6,85,3,273,795,5.15,15.00,53.00
Chiefs,KC,8,,WR,553388464,JuJu Smith-Schuster,8,0,8729,9,5,21.00,6,100.00,0,17,2,4,30,0.67,5.00,2.31
Chiefs,KC,8,,HB,553387221,Kareem Hunt,8,0,8597,29,8,34.60,16,100.00,0,19,1,128,126,8.00,7.88,9.00
Chiefs,KC,8,,TE,553387450,Travis Kelce,12,0,5920,87,15,125.20,51,92.73,4,38,2,189,622,3.71,12.20,41.47
Colts,IND,9,,HB,553386905,DJ Giddens,0,0,10560,21,2,4.90,2,100.00,0,18,0,12,29,6.00,14.50,2.07
Colts,IND,9,,TE,553388797,Tyler Warren,0,0,10769,84,15,198.30,75,92.59,6,56,5,424,933,5.65,12.44,62.20
Colts,IND,9,,WR,553387818,Adonai Mitchell,1,0,10183,10,2,7.30,3,100.00,0,25,0,29,43,9.67,14.33,2.87
Colts,IND,9,,WR,553386669,Josh Downs,2,0,2117,1,12,100.40,35,94.59,2,48,3,159,474,4.54,13.54,36.46
Colts,IND,9,,WR,553388099,Alec Pierce,3,0,1890,14,12,54.50,25,92.59,2,24,0,107,295,4.28,11.80,19.67
Colts,IND,9,,HB,553388580,Jonathan Taylor,5,0,604,28,15,153.20,73,94.81,4,81,1,472,742,6.47,10.16,49.47
Colts,IND,9,,WR,553388110,Michael Pittman Jr,5,0,532,11,9,66.40,16,80.00,4,66,3,152,324,9.50,20.25,21.60
Colts,IND,9,,TE,553386025,Mo Alie-Cox,7,0,9697,81,3,8.60,4,100.00,0,15,0,9,46,2.25,11.50,3.07
Colts,IND,9,,HB,553386722,Austin Ekeler,8,0,9179,24,2,14.40,6,85.71,1,24,0,58,84,9.67,14.00,7.00
Commanders,WAS,25,,HB,553386537,Jacory Croskey-Merritt,0,0,11008,22,14,106.80,38,97.44,1,71,4,467,448,12.29,11.79,32.00
Commanders,WAS,25,,WR,553387531,Jaylin Lane,0,0,10633,83,15,126.10,48,88.89,6,51,2,297,661,6.19,13.77,44.07
Commanders,WAS,25,,TE,553388406,Ben Sinnott,1,0,10247,82,11,60.80,19,100.00,0,55,2,76,298,4.00,15.68,21.29
Commanders,WAS,25,,TE,553386155,John Bates,4,0,1388,87,1,2.20,2,100.00,0,3,0,1,2,0.50,1.00,0.33
Commanders,WAS,25,,WR,553388314,Deebo Samuel Sr,6,0,9618,1,13,155.30,40,95.24,2,68,10,259,553,6.48,13.82,36.87
Commanders,WAS,25,,WR,553387750,Terry McLaurin,6,0,9567,17,14,109.20,45,97.83,1,33,2,192,522,4.27,11.60,34.80
Commanders,WAS,25,,WR,553386321,Noah Brown,8,0,8492,85,3,11.50,3,75.00,1,13,1,12,25,4.00,8.33,1.67
Commanders,WAS,25,,TE,553388725,C.J. Uzomah,10,0,7358,47,7,29.30,10,100.00,0,27,1,25,133,2.50,13.30,10.23
Commanders,WAS,25,,HB,553387868,Raheem Mostert,10,0,7768,26,7,27.50,10,100.00,0,62,1,117,115,11.70,11.50,7.67
Commanders,WAS,25,,TE,553386746,Zach Ertz,12,0,5790,86,15,143.20,46,85.19,8,47,4,192,732,4.17,15.91,48.80
Cowboys,DAL,10,,HB,553386217,Jaydon Blue,0,4,10493,23,9,45.60,21,91.30,2,41,0,293,246,13.95,11.71,24.60
Cowboys,DAL,10,,TE,553388476,Brevyn Spann-Ford,1,0,10254,89,1,2.00,1,100.00,0,10,0,2,10,2.00,10.00,0.71
Cowboys,DAL,10,,HB,553386381,Zavier Scott,1,0,0,36,1,1.20,1,100.00,0,2,0,0,2,0.00,2.00,0.25
Cowboys,DAL,10,,FB,553387623,Hunter Luepke,2,0,2291,40,3,5.40,4,100.00,0,8,0,12,14,3.00,3.50,0.93
Cowboys,DAL,10,,TE,553388340,Luke Schoonmaker,2,0,2384,86,9,36.80,13,100.00,0,68,1,97,178,7.46,13.69,11.87
Cowboys,DAL,10,,WR,553388096,George Pickens,3,0,1888,3,14,95.40,31,79.49,8,44,3,159,464,5.13,14.97,30.93
Cowboys,DAL,10,,TE,553386794,Jake Ferguson,3,0,1577,87,15,109.30,31,86.11,5,57,5,160,483,5.16,15.58,32.20
Cowboys,DAL,10,,WR,553388654,Jalen Tolbert,3,0,1987,1,10,59.90,14,82.35,3,87,2,154,339,11.00,24.21,22.60
Cowboys,DAL,10,,HB,553388886,Javonte Williams,4,0,1118,33,11,57.70,27,93.10,2,63,1,238,247,8.81,9.15,17.64
Cowboys,DAL,10,,WR,553388713,KaVontae Turpin,4,0,10451,9,1,3.40,1,100.00,0,24,0,6,24,6.00,24.00,1.60
Cowboys,DAL,10,,WR,553387519,CeeDee Lamb,5,0,418,88,15,225.50,60,93.75,4,79,12,278,935,4.63,15.58,62.33
Dolphins,MIA,11,,WR,553388803,Malik Washington,1,0,10285,6,6,31.90,15,83.33,3,14,1,42,109,2.80,7.27,7.27
Dolphins,MIA,11,,HB,553385991,De'Von Achane,2,0,676,28,14,127.20,53,92.98,4,69,3,353,562,6.66,10.60,37.47
Dolphins,MIA,11,,TE,553387147,Julian Hill,2,0,10397,89,4,16.70,6,100.00,0,11,1,5,47,0.83,7.83,3.13
Dolphins,MIA,11,,WR,553386747,Dee Eskridge,4,0,1268,82,1,24.50,8,100.00,0,22,1,22,105,2.75,13.12,15.00
Dolphins,MIA,11,,WR,553388756,Jaylen Waddle,4,0,1374,17,14,150.80,49,90.74,5,80,6,241,658,4.92,13.43,47.00
Dolphins,MIA,11,,TE,553386835,Jody Fortson,5,0,868,85,5,17.90,9,100.00,0,19,0,37,89,4.11,9.89,9.89
Dolphins,MIA,11,,WR,553388840,Nick Westbrook-Ikhine,5,0,1539,18,14,137.90,45,88.24,6,80,5,254,629,5.64,13.98,41.93
Dolphins,MIA,11,,FB,553387238,Alec Ingold,6,0,9514,30,5,24.50,8,88.89,1,57,1,98,105,12.25,13.12,7.00
Dolphins,MIA,11,,HB,553387681,Alexander Mattison,6,0,9562,37,1,2.80,2,100.00,0,11,0,12,12,6.00,6.00,2.00
Dolphins,MIA,11,,TE,553389122,Darren Waller,8,0,7365,83,14,224.40,69,90.79,7,71,9,427,1014,6.19,14.70,72.43
Dolphins,MIA,11,,TE,553388658,Eric Tomlinson,8,0,7614,86,1,0.00,0,0.00,1,0,0,0,0,0.00,0.00,0.00
Dolphins,MIA,11,,WR,553387153,Tyreek Hill,9,0,8052,5,5,34.50,10,76.92,3,24,2,12,125,1.20,12.50,25.00
Dolphins,MIA,11,,WR,553386542,Jamison Crowder,10,0,7066,80,3,9.30,4,100.00,0,25,0,7,53,1.75,13.25,7.57
Eagles,PHI,12,,FB,553388737,Ben VanSumeren,2,0,10470,43,1,7.40,1,100.00,0,4,1,0,4,0.00,4.00,0.27
Eagles,PHI,12,,WR,553386962,Danny Gray,3,0,1741,84,14,124.30,52,96.30,2,50,1,215,663,4.13,12.75,44.20
Eagles,PHI,12,,TE,553386387,Grant Calcaterra,3,0,2067,81,2,4.90,3,100.00,0,8,0,12,19,4.00,6.33,1.27
Eagles,PHI,12,,WR,553386661,Jahan Dotson,3,0,1470,2,2,5.30,2,100.00,0,18,0,7,33,3.50,16.50,2.20
Eagles,PHI,12,,WR,553388435,DeVonta Smith,4,0,1369,6,15,182.00,55,90.16,6,52,9,283,730,5.15,13.27,48.67
Eagles,PHI,12,,TE,553386956,Kylen Granson,4,0,1383,83,4,12.70,5,100.00,0,24,0,32,77,6.40,15.40,5.13
Eagles,PHI,12,,HB,553386646,A.J. Dillon,5,0,716,29,2,5.30,2,100.00,0,31,0,12,33,6.00,16.50,2.20
Eagles,PHI,12,,WR,553386305,A.J. Brown,6,0,9397,11,13,111.70,45,95.74,2,28,2,121,547,2.69,12.16,36.47
Eagles,PHI,12,,TE,553386930,Dallas Goedert,7,0,8901,88,15,188.40,61,96.83,2,71,7,297,854,4.87,14.00,56.93
Eagles,PHI,12,,HB,553386125,Saquon Barkley,7,0,8813,26,15,93.20,36,100.00,0,46,3,270,392,7.50,10.89,26.13
Falcons,ATL,13,,WR,553388426,Ainias Smith,1,0,10249,80,1,1.60,1,100.00,0,6,0,3,6,3.00,6.00,6.00
Falcons,ATL,13,,WR,553388801,Casey Washington,1,0,10984,82,5,22.50,7,87.50,1,23,1,46,95,6.57,13.57,11.88
Falcons,ATL,13,,HB,553388243,Bijan Robinson,2,0,2613,7,15,122.30,55,98.21,1,35,4,430,433,7.82,7.87,28.87
Falcons,ATL,13,,WR,553387601,Drake London,3,0,1813,5,13,90.90,30,81.08,7,47,3,58,429,1.93,14.30,28.60
Falcons,ATL,13,,TE,553388156,Teagan Quitoriano,3,0,1900,85,3,6.00,3,100.00,0,16,0,23,30,7.67,10.00,2.00
Falcons,ATL,13,,HB,553386039,Tyler Allgeier,3,0,1132,25,1,7.30,1,100.00,0,3,1,5,3,5.00,3.00,0.20
Falcons,ATL,13,,TE,553388113,Kyle Pitts,4,0,1375,8,15,232.70,69,86.25,11,63,7,434,1217,6.29,17.64,81.13
Falcons,ATL,13,,TE,553388952,Charlie Woerner,5,0,683,89,6,23.80,8,72.73,3,34,1,38,98,4.75,12.25,6.53
Falcons,ATL,13,,WR,553387838,Darnell Mooney,5,0,469,1,14,117.00,44,88.00,6,50,3,157,550,3.57,12.50,36.67
Falcons,ATL,13,,WR,553387163,KhaDarel Hodge,7,0,130,4,1,0.00,0,0.00,1,0,0,0,0,0.00,0.00,0.00
Falcons,ATL,13,,WR,553387704,Ray-Ray McCloud III,8,0,8983,34,12,65.80,22,73.33,8,29,3,91,258,4.14,11.73,17.20
Giants,NYG,15,,HB,553388407,Cam Skattebo,0,0,10732,44,14,140.80,61,100.00,0,70,3,625,618,10.25,10.13,41.20
Giants,NYG,15,,WR,553388742,Devaughn Vele,1,0,10278,14,13,101.50,38,88.37,5,47,3,213,455,5.61,11.97,30.33
Giants,NYG,15,,WR,553387906,Malik Nabers,1,0,10192,1,10,137.10,34,91.89,3,80,6,210,671,6.18,19.74,61.00
Giants,NYG,15,,TE,553387360,Theo Johnson,1,0,10130,84,9,125.20,45,97.83,1,37,4,262,562,5.82,12.49,62.44
Giants,NYG,15,,HB,553388673,Tyrone Tracy Jr,1,0,10268,29,7,43.20,19,100.00,0,17,2,99,122,5.21,6.42,8.13
Giants,NYG,15,,TE,553386178,Daniel Bellinger,3,0,1168,82,2,9.20,5,83.33,1,17,0,26,42,5.20,8.40,3.50
Giants,NYG,15,,TE,553386683,Greg Dulcich,3,0,1550,88,7,56.70,23,82.14,5,28,1,130,277,5.65,12.04,18.47
Giants,NYG,15,,WR,553388262,Wan'Dale Robinson,3,0,1924,17,10,64.30,19,100.00,0,29,4,71,213,3.74,11.21,14.20
Giants,NYG,15,,WR,553388418,Darius Slayton,6,0,9631,18,14,99.90,36,90.00,4,59,2,133,519,3.69,14.42,34.60
Giants,NYG,15,,HB,553388404,Devin Singletary,6,0,9629,26,1,1.50,1,100.00,0,5,0,8,5,8.00,5.00,0.36
Giants,NYG,15,,TE,553387648,Chris Manhertz,10,0,8375,85,4,7.70,4,100.00,0,16,0,31,37,7.75,9.25,2.47
Jaguars,JAX,16,,HB,553388714,Bhayshul Tuten,0,0,10762,33,12,93.60,33,94.29,2,52,5,452,306,13.70,9.27,20.40
Jaguars,JAX,16,,HB,553386037,LeQuint Allen,0,0,10476,36,1,2.00,1,100.00,0,10,0,1,10,1.00,10.00,2.00
Jaguars,JAX,16,,WR,553388606,Brian Thomas Jr,1,0,10263,7,15,225.10,31,86.11,5,73,11,173,1281,5.58,41.32,85.40
Jaguars,JAX,16,,TE,553388528,Brenton Strange,2,0,2415,85,11,70.90,22,88.00,3,50,3,126,309,5.73,14.05,20.60
Jaguars,JAX,16,,WR,553387367,Quentin Johnston,2,0,2241,87,13,80.70,26,92.86,2,71,2,237,427,9.12,16.42,28.47
Jaguars,JAX,16,,HB,553386198,Tank Bigsby,2,0,2539,4,1,9.90,1,100.00,0,29,1,36,29,36.00,29.00,1.93
Jaguars,JAX,16,,WR,553386314,Dyami Brown,4,0,1349,5,6,49.00,16,100.00,0,65,2,174,210,10.88,13.12,21.00
Jaguars,JAX,16,,HB,553386749,Travis Etienne Jr,4,0,1365,1,5,26.30,16,100.00,0,16,0,133,103,8.31,6.44,14.71
Jaguars,JAX,16,,TE,553387881,Johnny Mundt,8,0,9248,86,8,43.50,14,93.33,1,33,2,75,175,5.36,12.50,11.67
Jaguars,JAX,16,,WR,553388045,Tim Patrick,8,0,9263,17,2,18.10,6,100.00,0,23,1,35,61,5.83,10.17,6.78
Jets,NYJ,17,,TE,553388583,Mason Taylor,0,0,10750,85,15,296.00,90,79.65,23,65,13,426,1280,4.73,14.22,85.33
Jets,NYJ,17,,HB,553386028,Braelon Allen,1,0,9996,0,3,8.00,5,100.00,0,10,0,11,30,2.20,6.00,2.00
Jets,NYJ,17,,WR,553386920,Xavier Gipson,2,0,10462,3,6,45.60,11,100.00,0,76,2,121,226,11.00,20.55,15.07
Jets,NYJ,17,,HB,553387002,Breece Hall,3,0,1747,20,14,114.10,40,88.89,5,40,7,208,321,5.20,8.02,21.40
Jets,NYJ,17,,WR,553388921,Garrett Wilson,3,0,2040,5,13,145.70,46,88.46,6,65,5,212,697,4.61,15.15,49.79
Jets,NYJ,17,,TE,553388964,Jelani Woods,3,0,2050,86,1,7.50,1,100.00,0,5,1,0,5,0.00,5.00,0.36
Jets,NYJ,17,,TE,553388293,Jeremy Ruckert,3,0,1932,89,13,71.50,27,84.38,5,44,2,71,325,2.63,12.04,21.67
Jets,NYJ,17,,TE,553388421,Stone Smartt,3,0,10443,84,1,1.30,1,100.00,0,3,0,1,3,1.00,3.00,3.00
Jets,NYJ,17,,FB,553386165,Andrew Beck,6,0,89,47,1,1.70,1,100.00,0,7,0,3,7,3.00,7.00,0.47
Jets,NYJ,17,,WR,553387548,Allen Lazard,7,0,8969,10,14,153.10,47,90.38,5,64,6,245,701,5.21,14.91,50.07
Jets,NYJ,17,,WR,553388202,Josh Reynolds,8,0,8700,83,15,220.10,67,83.75,13,58,9,444,991,6.63,14.79,66.07
Lions,DET,18,,WR,553387615,Dominic Lovett,0,0,10640,19,7,54.00,17,94.44,1,27,3,37,190,2.18,11.18,13.57
Lions,DET,18,,WR,553388602,Isaac TeSlaa,0,0,10752,18,14,87.80,28,96.55,1,66,3,173,418,6.18,14.93,27.87
Lions,DET,18,,HB,553386903,Jahmyr Gibbs,2,0,2564,0,15,90.10,43,100.00,0,26,1,403,411,9.37,9.56,27.40
Lions,DET,18,,TE,553387532,Sam LaPorta,2,0,2286,87,11,102.50,40,88.89,5,38,4,159,385,3.98,9.62,35.00
Lions,DET,18,,WR,553388885,Jameson Williams,3,0,2033,1,15,233.50,69,94.52,4,66,11,284,985,4.12,14.28,65.67
Lions,DET,18,,TE,553388985,Brock Wright,4,0,1102,89,9,41.60,14,93.33,1,21,2,51,156,3.64,11.14,10.40
Lions,DET,18,,TE,553389020,Shane Zylstra,4,0,2716,84,6,25.00,9,100.00,0,21,1,40,100,4.44,11.11,6.67
Lions,DET,18,,WR,553386583,Gabe Davis,5,0,238,13,1,2.80,1,100.00,0,18,0,6,18,6.00,18.00,3.60
Lions,DET,18,,HB,553387835,David Montgomery,6,0,9577,5,5,20.20,10,100.00,0,25,0,102,102,10.20,10.20,6.80
Lions,DET,18,,TE,553388665,Robert Tonyan,7,0,9943,85,2,18.90,5,83.33,1,28,1,19,79,3.80,15.80,26.33
Lions,DET,18,,WR,553388174,Kalif Raymond,8,0,8402,11,8,71.60,20,90.91,2,32,4,118,276,5.90,13.80,23.00
Packers,GB,19,,WR,553386932,Matthew Golden,0,0,10562,0,12,80.80,32,91.43,3,40,1,128,428,4.00,13.38,32.92
Packers,GB,19,,WR,553388905,Savion Williams,0,0,10784,83,5,49.10,14,93.33,1,33,2,87,231,6.21,16.50,25.67
Packers,GB,19,,HB,553387591,MarShawn Lloyd,1,0,10161,32,6,41.60,11,100.00,0,72,2,167,186,15.18,16.91,13.29
Packers,GB,19,,WR,553388862,Dontayvion Wicks,2,0,2476,13,10,40.10,15,88.24,2,49,1,102,191,6.80,12.73,12.73
Packers,GB,19,,WR,553388187,Jayden Reed,2,0,2365,11,14,143.90,40,80.00,10,74,7,254,619,6.35,15.48,44.21
Packers,GB,19,,TE,553387898,Luke Musgrave,2,0,2334,88,5,15.70,4,80.00,1,24,1,16,57,4.00,14.25,3.80
Packers,GB,19,,TE,553387501,Tucker Kraft,2,0,2279,85,15,135.10,47,92.16,4,44,4,207,641,4.40,13.64,42.73
Packers,GB,19,,WR,553388811,Christian Watson,3,0,2013,9,5,21.30,7,58.33,5,30,0,46,141,6.57,20.14,23.50
Packers,GB,19,,TE,553386808,John FitzPatrick,3,0,2713,86,1,1.30,1,100.00,0,3,0,1,3,1.00,3.00,0.20
Packers,GB,19,,WR,553386663,Romeo Doubs,3,0,1471,87,12,116.40,36,90.00,4,58,4,154,564,4.28,15.67,37.60
Packers,GB,19,,FB,553387194,Zander Horvath,3,0,2533,26,4,6.80,4,80.00,1,10,0,20,28,5.00,7.00,1.87
Packers,GB,19,,HB,553387286,Josh Jacobs,6,0,9520,8,14,76.10,35,87.50,5,56,1,359,351,10.26,10.03,23.40
Panthers,CAR,20,,WR,553387188,Jimmy Horn Jr,0,0,10592,15,2,6.30,3,100.00,0,12,0,8,33,2.67,11.00,2.54
Panthers,CAR,20,,WR,553387760,Tetairoa McMillan,0,0,10657,4,15,233.20,78,87.64,11,62,8,263,1072,3.37,13.74,71.47
Panthers,CAR,20,,WR,553386476,Jalen Coker,1,0,10036,18,15,92.60,30,85.71,5,41,3,129,446,4.30,14.87,29.73
Panthers,CAR,20,,TE,553388320,Ja'Tavion Sanders,1,0,10242,0,14,117.70,44,95.65,2,40,4,141,497,3.20,11.30,33.13
Panthers,CAR,20,,HB,553386293,Jonathon Brooks,1,0,10022,24,4,18.60,7,100.00,0,20,1,73,56,10.43,8.00,3.73
Panthers,CAR,20,,WR,553387559,Xavier Legette,1,0,10156,17,13,131.20,38,92.68,3,51,8,116,452,3.05,11.89,32.29
Panthers,CAR,20,,HB,553387203,Chuba Hubbard,4,0,1234,30,15,119.20,55,93.22,4,38,3,383,462,6.96,8.40,30.80
Panthers,CAR,20,,TE,553388682,Tommy Tremble,4,0,1376,82,11,25.70,15,88.24,2,15,0,68,107,4.53,7.13,7.13
Panthers,CAR,20,,HB,553386666,Rico Dowdle,5,0,259,5,1,3.70,3,100.00,0,10,0,20,7,6.67,2.33,0.47
Patriots,NE,21,,WR,553388892,Kyle Williams,0,0,10781,18,8,48.20,19,82.61,4,21,2,46,172,2.42,9.05,11.47
Patriots,NE,21,,HB,553387109,TreVeyon Henderson,0,0,10584,32,12,72.80,25,89.29,3,65,3,295,298,11.80,11.92,21.29
Patriots,NE,21,,TE,553386546,Devin Culp,1,0,10047,82,2,6.30,3,100.00,0,19,0,20,33,6.67,11.00,3.67
Patriots,NE,21,,FB,553386862,Jack Westover,1,0,10291,37,2,3.30,2,100.00,0,8,0,8,13,4.00,6.50,0.87
Patriots,NE,21,,WR,553388117,Ja'Lynn Polk,1,0,10210,1,1,4.10,1,100.00,0,31,0,0,31,0.00,31.00,5.17
Patriots,NE,21,,WR,553386664,DeMario Douglas,2,0,3083,3,14,115.40,38,92.68,3,39,5,142,474,3.74,12.47,31.60
Patriots,NE,21,,HB,553388502,Rhamondre Stevenson,4,0,1146,38,3,5.50,3,100.00,0,12,0,36,25,12.00,8.33,1.67
Patriots,NE,21,,HB,553386904,Antonio Gibson,5,0,297,4,3,11.70,3,100.00,0,13,0,29,17,9.67,5.67,1.89
Patriots,NE,21,,WR,553387174,Mack Hollins,8,0,8590,13,1,1.50,1,100.00,0,5,0,1,5,1.00,5.00,0.83
Patriots,NE,21,,TE,553387183,Austin Hooper,9,0,8057,81,10,33.10,15,100.00,0,41,0,77,181,5.13,12.07,12.93
Patriots,NE,21,,TE,553387117,Hunter Henry,9,0,8046,85,14,91.90,40,93.02,3,28,2,137,399,3.42,9.98,28.50
Patriots,NE,21,,WR,553387153,Tyreek Hill,9,0,8052,5,13,171.60,41,93.18,3,95,9,268,766,6.54,18.68,55.93
Patriots,NE,21,,WR,553386642,Stefon Diggs,10,0,7085,8,14,120.40,41,85.42,7,70,3,208,614,5.07,14.98,40.93
Raiders,LV,22,,HB,553387300,Ashton Jeanty,0,17,10611,2,1,1.80,1,100.00,0,8,0,12,8,12.00,8.00,8.00
Raiders,LV,22,,TE,553389042,CJ Dippre,0,0,10536,88,5,14.20,4,80.00,1,12,1,27,42,6.75,10.50,2.80
Raiders,LV,22,,WR,553388638,Dont'e Thornton Jr.,0,0,10754,10,15,316.40,78,100.00,0,76,18,524,1304,6.72,16.72,86.93
Raiders,LV,22,,WR,553386164,Jack Bech,0,0,10872,18,6,46.50,16,94.12,1,18,2,87,185,5.44,11.56,12.33
Raiders,LV,22,,TE,553386247,Brock Bowers,1,0,10018,89,15,240.80,79,94.05,5,78,10,459,1018,5.81,12.89,67.87
Raiders,LV,22,,HB,553388495,Carson Steele,1,0,10967,34,7,26.40,12,100.00,0,24,1,83,84,6.92,7.00,5.60
Raiders,LV,22,,HB,553387822,Keaton Mitchell,2,0,4736,21,11,107.20,49,100.00,0,44,2,515,462,10.51,9.43,30.80
Raiders,LV,22,,TE,553387688,Michael Mayer,2,0,2299,87,6,23.40,9,90.00,1,25,1,48,84,5.33,9.33,5.60
Raiders,LV,22,,WR,553388693,Tre Tucker,2,0,2436,4,13,114.20,41,91.11,4,48,2,190,612,4.63,14.93,40.80
Raiders,LV,22,,HB,553388855,Zamir White,3,0,2030,3,1,2.90,1,100.00,0,19,0,22,19,22.00,19.00,3.80
Raiders,LV,22,,WR,553386166,Odell Beckham Jr,11,0,6340,13,7,30.60,15,83.33,3,19,0,51,156,3.40,10.40,12.00
Rams,LAR,23,,HB,553388312,Dylan Sampson,0,0,10716,25,14,89.50,45,95.74,2,22,2,379,325,8.42,7.22,23.21
Rams,LAR,23,,TE,553386796,Terrance Ferguson,0,0,10552,18,14,100.00,34,89.47,4,44,4,181,420,5.32,12.35,28.00
Rams,LAR,23,,WR,553388860,Jordan Whittington,1,0,10292,88,1,2.20,1,100.00,0,12,0,0,12,0.00,12.00,0.80
Rams,LAR,23,,WR,553387907,Puka Nacua,2,0,4785,12,15,281.50,77,88.51,10,72,12,426,1325,5.53,17.21,88.33
Rams,LAR,23,,HB,553388893,Kyren Williams,3,0,2036,23,2,9.70,7,100.00,0,9,0,31,27,4.43,3.86,1.80
Rams,LAR,23,,WR,553386083,Tutu Atwell,4,0,1315,5,15,146.40,51,87.93,7,48,6,183,594,3.59,11.65,39.60
Rams,LAR,23,,TE,553388039,Colby Parkinson,5,0,504,84,5,8.40,5,100.00,0,19,0,21,34,4.20,6.80,2.27
Rams,LAR,23,,TE,553387138,Tyler Higbee,9,0,8050,89,6,27.90,10,90.91,1,30,1,48,119,4.80,11.90,7.93
Rams,LAR,23,,WR,553385992,Davante Adams,11,0,6328,17,15,128.90,42,91.30,4,56,4,218,629,5.19,14.98,41.93
Ravens,BAL,24,,WR,553388841,Lajohntay Wester,0,0,10777,83,1,1.20,1,100.00,0,2,0,5,2,5.00,2.00,0.50
Ravens,BAL,24,,WR,553388767,Devontez Walker,1,0,10281,81,1,6.10,2,100.00,0,37,0,37,41,18.50,20.50,3.15
Ravens,BAL,24,,WR,553386817,Zay Flowers,2,0,2140,4,13,155.40,37,94.87,2,71,7,417,764,11.27,20.65,50.93
Ravens,BAL,24,,TE,553387581,Isaiah Likely,3,0,1807,80,14,78.70,26,86.67,4,45,2,205,407,7.88,15.65,29.07
Ravens,BAL,24,,WR,553386151,Rashod Bateman,4,0,1236,7,14,80.90,29,100.00,0,34,2,179,399,6.17,13.76,26.60
Ravens,BAL,24,,TE,553387227,Hayden Hurst,7,0,8930,84,7,15.40,8,100.00,0,21,0,54,74,6.75,9.25,4.93
Ravens,BAL,24,,TE,553386063,Mark Andrews,7,0,8802,89,15,105.20,35,85.37,6,34,4,120,462,3.43,13.20,30.80
Ravens,BAL,24,,FB,553388208,Patrick Ricard,8,0,9274,42,5,13.40,4,80.00,1,20,1,7,34,1.75,8.50,2.27
Ravens,BAL,24,,HB,553387116,Derrick Henry,9,0,8045,22,11,41.00,18,100.00,0,35,0,265,230,14.72,12.78,15.33
Ravens,BAL,24,,WR,553387185,DeAndre Hopkins,12,0,5873,10,14,85.20,33,86.84,5,29,4,76,282,2.30,8.55,18.80
Saints,NO,26,,HB,553387910,Devin Neal,0,0,10676,24,2,2.00,1,50.00,1,10,0,2,10,2.00,10.00,0.91
Saints,NO,26,,HB,553387797,Kendre Miller,2,0,2310,5,1,4.70,3,100.00,0,9,0,21,17,7.00,5.67,1.13
Saints,NO,26,,WR,553387990,Chris Olave,3,0,1870,12,14,119.10,50,92.59,4,19,3,198,511,3.96,10.22,34.07
Saints,NO,26,,WR,553388364,Rashid Shaheed,3,0,4928,22,13,105.40,32,94.12,2,59,5,190,434,5.94,13.56,28.93
Saints,NO,26,,FB,553388132,Adam Prentice,4,0,1016,46,1,2.30,1,100.00,0,13,0,2,13,2.00,13.00,0.87
Saints,NO,26,,WR,553386461,Chase Claypool,5,0,700,14,2,6.10,3,100.00,0,12,0,6,31,2.00,10.33,2.38
Saints,NO,26,,TE,553387349,Juwan Johnson,5,0,399,83,3,9.80,5,83.33,1,19,0,26,48,5.20,9.60,3.20
Saints,NO,26,,HB,553387437,Alvin Kamara,8,0,8617,41,14,155.50,61,98.39,1,44,4,687,705,11.26,11.56,47.00
Saints,NO,26,,TE,553387149,Taysom Hill,8,0,9202,7,15,139.10,47,88.68,6,50,5,213,621,4.53,13.21,41.40
Saints,NO,26,,WR,553386507,Brandin Cooks,11,0,6386,10,14,136.50,49,92.45,4,51,6,245,515,5.00,10.51,34.33
Seahawks,SEA,27,,TE,553386080,Elijah Arroyo,0,0,10479,18,14,145.00,40,90.91,4,79,9,219,510,5.48,12.75,34.00
Seahawks,SEA,27,,FB,553388018,Robbie Ouzts,0,0,10685,40,2,2.80,2,100.00,0,8,0,2,8,1.00,4.00,0.53
Seahawks,SEA,27,,WR,553387193,Tory Horton,0,0,10594,15,8,77.20,22,100.00,0,83,2,254,432,11.55,19.64,28.80
Seahawks,SEA,27,,TE,553386127,A.J. Barner,1,0,10005,88,5,18.90,6,85.71,1,27,1,34,69,5.67,11.50,4.60
Seahawks,SEA,27,,HB,553388382,Will Shipley,1,0,10244,30,1,1.30,1,100.00,0,3,0,2,3,2.00,3.00,0.30
Seahawks,SEA,27,,WR,553388463,Jaxon Smith-Njigba,2,0,2401,11,14,158.50,50,98.04,1,60,7,259,665,5.18,13.30,44.33
Seahawks,SEA,27,,WR,553388352,Tyler Scott,2,0,2386,82,1,12.70,6,100.00,0,22,0,23,67,3.83,11.17,11.17
Seahawks,SEA,27,,HB,553386435,Zach Charbonnet,2,0,1919,26,4,4.30,3,75.00,1,6,0,18,13,6.00,4.33,0.87
Seahawks,SEA,27,,HB,553388761,Kenneth Walker III,3,0,2005,9,14,103.80,50,94.34,3,22,3,353,358,7.06,7.16,23.87
Seahawks,SEA,27,,WR,553386357,Treylon Burks,3,0,1226,16,7,44.90,18,94.74,1,25,2,57,149,3.17,8.28,10.64
Seahawks,SEA,27,,WR,553387510,Cooper Kupp,8,0,8626,10,14,148.00,43,97.73,1,75,5,281,750,6.53,17.44,50.00
Seahawks,SEA,27,,TE,553387939,David Njoku,8,0,8674,83,14,125.00,49,89.09,6,39,3,225,580,4.59,11.84,38.67
Seahawks,SEA,27,,TE,553386322,Pharaoh Brown,8,0,8493,85,7,52.10,25,83.33,5,25,1,95,231,3.80,9.24,33.00
Steelers,PIT,28,,HB,553387350,Kaleb Johnson,0,0,10612,20,12,47.40,23,92.00,2,24,1,201,184,8.74,8.00,12.27
Steelers,PIT,28,,TE,553388802,Darnell Washington,2,0,2453,80,5,20.10,9,100.00,0,27,0,20,111,2.22,12.33,7.40
Steelers,PIT,28,,WR,553386088,Calvin Austin,3,0,1150,19,10,57.70,19,95.00,1,85,2,157,267,8.26,14.05,17.80
Steelers,PIT,28,,HB,553388796,Jaylen Warren,3,0,2012,30,11,52.80,18,100.00,0,19,3,229,168,12.72,9.33,12.00
Steelers,PIT,28,,WR,553388411,Ben Skowronek,4,0,1188,15,2,5.00,2,100.00,0,23,0,3,30,1.50,15.00,7.50
Steelers,PIT,28,,HB,553386876,Kenneth Gainwell,4,0,1300,14,1,4.20,2,100.00,0,11,0,9,22,4.50,11.00,1.83
Steelers,PIT,28,,TE,553386856,Pat Freiermuth,4,0,1377,88,14,214.20,69,90.79,7,32,9,236,912,3.42,13.22,65.14
Steelers,PIT,28,,WR,553387784,D.K. Metcalf,6,0,9569,4,14,81.60,24,82.76,5,78,1,148,516,6.17,21.50,34.40
Steelers,PIT,28,,TE,553388442,Jonnu Smith,8,0,8731,81,15,156.70,55,96.49,2,42,6,244,657,4.44,11.95,43.80
Steelers,PIT,28,,WR,553386007,Nelson Agholor,10,0,6985,85,7,43.60,16,94.12,1,30,1,74,216,4.62,13.50,14.40
Texans,HOU,31,,WR,553387140,Jayden Higgins,0,0,10587,81,11,65.40,25,96.15,1,34,1,145,344,5.80,13.76,24.57
Texans,HOU,31,,WR,553387942,Jaylin Noel,0,0,10680,14,3,14.60,7,100.00,0,40,0,51,76,7.29,10.86,6.33
Texans,HOU,31,,FB,553386290,British Brooks,1,0,10879,44,1,1.70,1,100.00,0,7,0,1,7,1.00,7.00,0.47
Texans,HOU,31,,TE,553388526,Cade Stover,1,0,10256,87,4,21.40,5,100.00,0,27,2,28,44,5.60,8.80,3.14
Texans,HOU,31,,WR,553386620,Tank Dell,2,0,2090,3,12,143.20,54,94.74,3,52,4,240,652,4.44,12.07,43.47
Texans,HOU,31,,TE,553387419,Brevin Jordan,4,0,1379,9,1,3.30,2,100.00,0,7,0,3,13,1.50,6.50,1.86
Texans,HOU,31,,WR,553386488,Nico Collins,4,0,1148,12,12,178.40,37,88.10,5,82,10,354,814,9.57,22.00,54.27
Texans,HOU,31,,TE,553386340,Harrison Bryant,5,0,193,88,13,94.30,36,90.00,4,31,2,180,463,5.00,12.86,33.07
Texans,HOU,31,,WR,553387480,Christian Kirk,7,0,8963,13,7,90.00,30,83.33,6,92,3,177,420,5.90,14.00,28.00
Texans,HOU,31,,TE,553388342,Dalton Schultz,7,11,9050,86,10,120.10,41,83.67,8,39,3,218,611,5.32,14.90,61.10
Texans,HOU,31,,HB,553386451,Nick Chubb,7,0,8846,21,4,14.20,5,100.00,0,12,1,32,32,6.40,6.40,2.13
Texans,HOU,31,,HB,553387825,Joe Mixon,8,0,9241,28,14,92.70,47,94.00,3,28,2,381,337,8.11,7.17,24.07
Titans,TEN,29,,WR,553386644,Chimere Dike,0,0,10535,17,15,223.50,62,91.18,6,61,11,375,955,6.05,15.40,63.67
Titans,TEN,29,,WR,553386096,Elic Ayomanor,0,0,10481,5,1,16.10,3,75.00,1,41,1,41,71,13.67,23.67,4.73
Titans,TEN,29,,TE,553387104,Gunnar Helm,0,0,10582,84,1,2.10,1,100.00,0,11,0,9,11,9.00,11.00,0.85
Titans,TEN,29,,TE,553388997,Colson Yankoff,1,0,10996,80,2,12.30,2,100.00,0,29,1,32,43,16.00,21.50,21.50
Titans,TEN,29,,HB,553388478,Tyjae Spears,2,0,2405,2,1,7.90,1,100.00,0,9,1,0,9,0.00,9.00,0.60
Titans,TEN,29,,TE,553387980,Chigoziem Okonkwo,3,0,1869,85,15,215.20,61,84.72,11,65,11,367,882,6.02,14.46,58.80
Titans,TEN,29,,WR,553388811,Christian Watson,3,0,2013,9,13,119.70,36,87.80,5,64,4,207,597,5.75,16.58,42.64
Titans,TEN,29,,TE,553387986,Albert Okwuegbunam,5,4,490,86,9,43.60,18,85.71,3,30,1,116,196,6.44,10.89,15.08
Titans,TEN,29,,HB,553388118,Tony Pollard,6,0,9600,20,15,109.30,53,96.36,2,21,2,433,443,8.17,8.36,29.53
Titans,TEN,29,,WR,553388223,Calvin Ridley,7,0,9038,0,13,107.20,33,89.19,4,43,4,156,502,4.73,15.21,35.86
Titans,TEN,29,,WR,553387594,Tyler Lockett,10,0,7214,4,6,34.10,13,92.86,1,29,0,87,211,6.69,16.23,21.10
Vikings,MIN,30,,TE,553386140,Gavin Bartholomew,0,0,10486,86,1,1.60,1,100.00,0,6,0,0,6,0.00,6.00,0.40
Vikings,MIN,30,,WR,553386792,Tai Felton,0,0,10551,13,3,11.20,4,80.00,1,28,0,19,72,4.75,18.00,12.00
Vikings,MIN,30,,WR,553386000,Jordan Addison,2,0,813,3,14,127.60,52,91.23,5,47,2,246,636,4.73,12.23,45.43
Vikings,MIN,30,,HB,553386434,Ty Chandler,3,0,1267,32,1,1.00,1,100.00,0,0,0,2,0,2.00,0.00,0.00
Vikings,MIN,30,,WR,553387849,Rondale Moore,4,0,1264,4,2,4.30,2,66.67,1,17,0,13,23,6.50,11.50,1.92
Vikings,MIN,30,,WR,553387303,Justin Jefferson,5,0,385,18,15,177.30,65,85.53,11,65,5,318,823,4.89,12.66,54.87
Vikings,MIN,30,,TE,553387995,Josh Oliver,6,0,9590,84,10,43.50,17,89.47,2,22,2,67,145,3.94,8.53,9.67
Vikings,MIN,30,,TE,553387162,T.J. Hockenson,6,0,9503,87,14,186.80,56,88.89,7,76,10,322,708,5.75,12.64,50.57
Vikings,MIN,30,,HB,553387377,Aaron Jones Sr,8,0,8609,33,15,109.10,50,96.15,2,25,2,421,471,8.42,9.42,31.40
Vikings,MIN,30,,FB,553387011,C.J. Ham,9,0,9195,30,1,1.90,1,100.00,0,9,0,7,9,7.00,9.00,0.60
Vikings,MIN,30,,WR,553388604,Adam Thielen,12,0,6913,19,14,116.90,40,97.56,1,34,4,112,529,2.80,13.22,35.27
