team,logoId,conference,division,teamOvr,totalWins,totalLosses,totalTies,winPct,homeWins,homeLosses,awayWins,awayLosses,homeWinPct,awayWinPct,games,offPassYds,offRushYds,offTotalYds,defPassYds,defRushYds,defTotalYds,ptsFor,ptsAgainst,netPts,tODiff,capSpent,capAvailable,offScheme,defScheme,rank,offTotalYdsRank,defTotalYdsRank,offPassYdsRank,offRushYdsRank,defPassYdsRank,defRushYdsRank,ptsForRank,ptsAgainstRank,rankVolatility,earlySeasonRank,lateSeasonRank,rankImprovement,eloIndex,eloStart,wins,losses,ties,win_pct,pass_att,pass_comp,pass_yds,pass_tds,pass_ints,pass_ints_raw,pass_ints_adjustment,pass_sacks,qb_rating,rush_att,rush_yds,rush_tds,rush_fum,rush_broken_tackles,rush_yac,rush_20plus,rec_catches,rec_yds,rec_tds,rec_drops,rec_yac,def_sacks,def_ints,def_forced_fum,def_fum_rec,def_tds,def_tackles,def_deflections,punts,punt_avg,punt_net_avg,punts_in_20,punts_touchbacks,fg_att,fg_made,fg_50plus_att,fg_50plus_made,xp_att,xp_made,kickoff_touchbacks,total_off_plays,total_off_yds,total_off_tds,total_turnovers,total_takeaways,pass_yds_per_att,rush_yds_per_att,pass_comp_pct,pass_td_pct,pass_int_pct,sack_rate,rush_td_pct,rush_broken_tackle_rate,rush_yac_pct,rush_explosive_rate,drop_rate,rec_yac_pct,rec_yds_per_catch,td_per_play,yds_per_play,turnover_diff,pass_yds_per_game,rush_yds_per_game,rec_yds_per_game,off_yds_per_game,pass_att_per_game,rush_att_per_game,punts_per_game,def_sacks_per_game,def_ints_per_game,pass_ints_per_game,sacks_allowed_per_game,explosive_plays,explosive_plays_per_game,pass_rush_ratio,fg_pct,fg_50plus_pct,xp_pct,punts_in_20_pct,offDefRankDiff,combinedRank,offPassRushDiff,defPassRushDiff,offYdsPerPt,defYdsPerPt,passRushRatio,defPassRushRatio,offYdsPct,defYdsPct,offTotalYdsPg,defTotalYdsPg,ptsForPg,ptsAgainstPg,netPtsPg,tODiffPerGame,ptsPer100Yds,oppPtsPer100Yds,passShare,rushShare,winsPerMillion,ovrPerMillion,pythExpWinPct,pythOverUnder,ptsRankEfficiency,defRankEfficiency,offenseIndexZ,defenseIndexZ,teamStrengthIndex
Broncos,3,AFC,AFC West,86,10,2,0,0.83,6,1,4,1,0.8571428571428571,0.8,12,3027,1248,4275,2245,1179,3424,34,19,179,14,268190000,36010000,0,11,1,2,19,10,1,26,6,1,4,6.934554263371787,6.95,1.380952380952381,5.56904761904762,1,1297.1,10.0,2.0,0.0,0.8333333333333334,270.0,187.0,2844.0,31.0,8.0,8.0,0.0,20.0,114.61,241.0,1195.0,14.0,5.0,46.0,224.0,4.0,187.0,2844.0,31.0,6.0,1179.0,30.5,23.0,6.0,2.0,2.0,305.0,29.0,21.0,47.1,41.14,4.0,4.0,12.0,12.0,3.0,3.0,42.0,42.0,37.0,511.0,4039.0,45.0,13.0,25.0,10.533333333333333,4.95850622406639,69.25925925925925,11.481481481481481,2.9629629629629632,6.896551724137931,5.809128630705394,0.1908713692946058,18.744769874476987,1.6597510373443984,3.225806451612903,41.45569620253164,15.20855614973262,0.08806262230919765,7.904109589041096,12.0,237.0,99.58333333333333,237.0,336.5833333333333,22.5,20.083333333333332,1.75,2.5416666666666665,1.9166666666666667,0.6666666666666666,1.6666666666666667,4.0,0.3333333333333333,1.120331950207469,100.0,100.0,100.0,19.047619047619047,-17,10.5,9,20,125.73529411764706,180.21052631578948,2.425480769230769,1.904156064461408,55.526691778153,44.47330822184699,356.25,285.3333333333333,2.8333333333333335,1.5833333333333333,14.916666666666666,1.1666666666666667,0.7953216374269005,0.5549065420560747,0.7080701754385965,0.2919298245614035,0.037286998023789104,0.3206681830045863,0.7988551046512836,0.03114489534871634,-1,15,1.9943578553166252,1.0047102747401997,2.999068130056825
Lions,18,NFC,NFC North,87,7,6,0,0.54,5,2,2,4,0.7142857142857143,0.3333333333333333,13,2508,1391,3899,2808,1311,4119,25,23,35,-7,290030000,14170000,5,14,2,7,6,19,4,4,21,7,8,6.82883273872396,12.35,6.619047619047619,5.730952380952381,3,1256.3,7.0,6.0,0.0,0.5384615384615384,237.0,150.0,2160.0,24.0,19.0,19.0,0.0,18.0,96.63499999999999,217.7579250720461,1312.0,12.461095100864554,4.0,34.92219020172911,294.3659942363112,15.38328530259366,151.0,2160.0,24.0,16.0,813.0,21.0,19.0,4.0,0.0,3.0,310.0,45.0,21.0,49.05,39.43,4.0,6.0,10.0,7.0,7.0,5.0,37.0,33.0,7.0,454.7579250720461,3472.0,36.461095100864554,23.0,19.0,9.113924050632912,6.025039040787697,63.29113924050633,10.126582278481013,8.016877637130802,7.0588235294117645,5.722453084883937,0.1603716153622191,22.43643248752372,7.064397448452926,9.580838323353294,37.638888888888886,14.304635761589404,0.08017693170512229,7.634831211462539,-4.0,166.15384615384616,100.92307692307692,166.15384615384616,267.0769230769231,18.23076923076923,16.750609620926625,1.6153846153846154,1.6153846153846154,1.4615384615384615,1.4615384615384615,1.3846153846153846,15.38328530259366,1.1833296386610508,1.088364521849607,70.0,71.42857142857143,89.1891891891892,19.047619047619047,1,6.5,15,-17,155.96,179.08695652173913,1.803019410496046,2.14187643020595,48.628086804689445,51.37191319531055,299.9230769230769,316.84615384615387,1.9230769230769231,1.7692307692307692,2.6923076923076925,-0.5384615384615384,0.6411900487304437,0.5583879582422918,0.6432418568863811,0.35675814311361886,0.02413543426542082,0.29996896872737305,0.5492434551147035,-0.00924345511470348,0,-2,-0.15873363780733415,0.566977347529446,0.40824370972211177
Titans,29,AFC,AFC South,84,7,6,0,0.54,4,2,3,4,0.6666666666666666,0.42857142857142855,13,3271,1181,4452,3121,1042,4163,29,30,-10,1,268690000,35510000,2,11,3,3,14,4,8,19,4,2,13,9.661184657931244,16.5,7.095238095238095,9.404761904761905,2,1293.1,7.0,6.0,0.0,0.5384615384615384,325.0,208.0,2925.0,22.0,17.0,17.0,0.0,16.0,98.51,235.4,1181.0,23.95820895522388,8.48955223880597,58.69253731343284,239.56119402985075,7.244776119402985,212.0,2937.0,22.0,25.0,1288.0,14.0,24.0,3.0,0.0,0.0,280.0,27.0,16.0,50.12,38.06,2.0,7.0,11.0,6.0,3.0,0.0,40.0,38.0,14.0,560.4,4106.0,45.95820895522388,25.48955223880597,24.0,9.0,5.016992353440951,64.0,6.769230769230769,5.230769230769231,4.69208211143695,10.177658859483381,0.24933108459402223,20.284605760359927,3.0776449105365273,10.344827586206897,43.85427306775622,13.85377358490566,0.08200965195436097,7.326909350463954,-1.4895522388059703,225.0,90.84615384615384,225.92307692307693,315.84615384615387,25.0,18.107692307692307,1.2307692307692308,1.0769230769230769,1.8461538461538463,1.3076923076923077,1.2307692307692308,7.244776119402985,0.5572904707233065,1.3806287170773153,54.54545454545454,0.0,95.0,12.5,-11,8.5,-4,15,153.51724137931035,138.76666666666668,2.7696867061812025,2.995201535508637,51.67730702263494,48.32269297736506,342.46153846153845,320.2307692307692,2.230769230769231,2.3076923076923075,-0.7692307692307693,0.07692307692307693,0.651392632524708,0.7206341580590919,0.7347259658580413,0.26527403414195866,0.026052327961591425,0.3126279355390971,0.4799241296002924,0.06007587039970763,-1,1,0.5690719373331591,-0.7009387174948057,-0.13186678016164666
Patriots,21,AFC,AFC East,86,8,4,0,0.67,6,2,2,2,0.75,0.5,12,2726,1048,3774,2742,946,3688,29,18,124,20,302440000,1760000,0,11,4,15,17,28,5,29,2,4,2,4.174224753209078,6.35,5.904761904761905,0.44523809523809454,5,1250.7,8.0,4.0,0.0,0.6666666666666666,264.0,180.0,2704.0,22.0,11.0,11.0,0.0,21.0,111.21,209.0,994.0,12.0,4.0,44.0,211.0,7.0,179.0,2704.0,22.0,11.0,898.0,18.0,26.0,5.0,3.0,4.0,310.0,49.0,20.0,52.7,46.15,7.0,6.0,23.0,19.0,6.0,4.0,35.0,35.0,12.0,473.0,3698.0,34.0,15.0,29.0,10.242424242424242,4.755980861244019,68.18181818181817,8.333333333333332,4.166666666666666,7.368421052631578,5.741626794258373,0.21052631578947367,21.227364185110666,3.349282296650718,5.913978494623656,33.210059171597635,15.106145251396647,0.07188160676532769,7.818181818181818,14.0,225.33333333333334,82.83333333333333,225.33333333333334,308.1666666666667,22.0,17.416666666666668,1.6666666666666667,1.5,2.1666666666666665,0.9166666666666666,1.75,7.0,0.5833333333333334,1.263157894736842,82.6086956521739,66.66666666666666,100.0,35.0,-2,16.0,23,27,130.13793103448276,204.88888888888889,2.601145038167939,2.8985200845665964,50.57625301527741,49.42374698472259,314.5,307.3333333333333,2.4166666666666665,1.5,10.333333333333334,1.6666666666666667,0.7684154742978272,0.4880694143167028,0.7223105458399576,0.27768945416004237,0.026451527575717497,0.2843539214389631,0.7558961133427508,-0.08589611334275071,-11,15,1.0087878056472066,1.2009353800415719,2.2097231856887785
Buccaneers,5,NFC,NFC South,84,0,12,0,0.0,0,6,0,6,0.0,0.0,12,2887,916,3803,2668,1555,4223,20,34,-162,-19,220490000,83710000,2,17,5,29,8,29,15,8,19,15,5,10.668215731262501,20.25,14.904761904761905,5.345238095238095,4,1256.1,0.0,12.0,0.0,0.0,374.0,221.0,2674.0,20.0,23.0,23.0,0.0,26.0,75.8,184.0,809.0,10.0,3.0,30.0,103.0,4.0,222.0,2689.0,20.0,18.0,1038.0,20.0,8.0,1.0,0.0,0.0,384.0,33.0,28.0,48.54,44.5,3.0,9.0,12.0,5.0,5.0,0.0,24.0,24.0,25.0,558.0,3483.0,30.0,26.0,8.0,7.149732620320855,4.396739130434782,59.09090909090909,5.347593582887701,6.149732620320856,6.5,5.434782608695652,0.16304347826086957,12.73176761433869,2.1739130434782608,7.59493670886076,38.601710673112684,12.112612612612613,0.053763440860215055,6.241935483870968,-18.0,222.83333333333334,67.41666666666667,224.08333333333334,290.25,31.166666666666668,15.333333333333334,2.3333333333333335,1.6666666666666667,0.6666666666666666,1.9166666666666667,2.1666666666666665,4.0,0.3333333333333333,2.032608695652174,41.66666666666667,0.0,100.0,10.714285714285714,21,18.5,14,-11,190.15,124.20588235294117,3.1517467248908297,1.7157556270096463,47.38350361325692,52.61649638674308,316.9166666666667,351.9166666666667,1.6666666666666667,2.8333333333333335,-13.5,-1.5833333333333333,0.5259006047856954,0.8051148472649774,0.7591375230081514,0.24086247699184854,0.0,0.38096965848791325,0.22138921939514528,-0.22138921939514528,-14,3,-0.7652382837577452,-1.9386663047803858,-2.7039045885381308
Ravens,24,AFC,AFC North,84,2,10,0,0.17,1,6,1,4,0.14285714285714285,0.2,12,3650,958,4608,2615,1070,3685,22,30,-93,-29,276060000,28140000,0,11,6,17,3,31,2,9,3,6,11,10.341866075916048,14.55,11.80952380952381,2.7404761904761905,6,1234.6,2.0,10.0,0.0,0.16666666666666666,393.9688473520249,243.93146417445482,3650.0,25.31152647975078,41.79127725856698,52.0,-10.208722741433021,23.77570093457944,75.70333333333333,173.66847826086956,958.0,7.690217391304348,6.483695652173913,57.45108695652174,351.5326086956522,8.690217391304348,261.0,3805.0,26.0,24.0,1280.0,24.0,15.0,8.0,5.0,1.0,243.0,33.0,13.0,42.75,38.17,4.0,0.0,9.0,6.0,2.0,1.0,29.0,29.0,34.0,567.6373256128945,4608.0,33.001743871055126,48.27497291074089,20.0,9.264691928137653,5.516257236739165,61.91643471659919,6.424753289473685,10.607761892712551,5.691444934971961,4.4281020184634645,0.33080895008605854,36.69442679495326,5.003911750899703,8.480565371024735,33.63994743758213,14.578544061302683,0.05813878401217218,8.117859400850021,-28.274972910740892,304.1666666666667,79.83333333333333,317.0833333333333,384.0,32.83073727933541,14.472373188405797,1.0833333333333333,2.0,1.25,3.482606438213915,1.9813084112149533,8.690217391304348,0.7241847826086957,2.2685109658198273,66.66666666666666,50.0,100.0,30.76923076923077,14,10.0,29,6,209.45454545454547,122.83333333333333,3.8100208768267225,2.44392523364486,55.564934281924515,44.435065718075485,384.0,307.0833333333333,1.8333333333333333,2.5,-7.75,-2.4166666666666665,0.4774305555555556,0.8141112618724559,0.7921006944444444,0.20789930555555555,0.007244801854669275,0.30428167789610955,0.324083756070143,-0.154083756070143,-11,-8,-0.3710102638899783,-1.153765883574896,-1.5247761474648744
Saints,26,NFC,NFC South,85,8,5,0,0.62,3,4,5,1,0.42857142857142855,0.8333333333333334,13,2636,1217,3853,2676,984,3660,21,18,42,13,287720000,16480000,2,11,7,22,7,20,11,2,25,13,9,5.469291264537611,11.25,8.428571428571429,2.821428571428571,8,1227.7,8.0,5.0,0.0,0.6153846153846154,322.0,235.0,2550.0,24.0,8.0,8.0,0.0,17.0,109.93,245.0,1152.0,6.0,5.0,62.0,248.0,9.0,235.0,2550.0,24.0,15.0,1225.0,7.0,21.0,7.0,3.0,1.0,309.0,41.0,21.0,43.57,35.67,6.0,5.0,16.0,14.0,2.0,0.0,30.0,30.0,3.0,567.0,3702.0,30.0,13.0,24.0,7.919254658385094,4.702040816326531,72.98136645962732,7.453416149068323,2.484472049689441,5.014749262536873,2.4489795918367347,0.2530612244897959,21.52777777777778,3.6734693877551026,6.2761506276150625,48.03921568627451,10.851063829787234,0.05291005291005291,6.529100529100529,11.0,196.15384615384616,88.61538461538461,196.15384615384616,284.7692307692308,24.76923076923077,18.846153846153847,1.6153846153846154,0.5384615384615384,1.6153846153846154,0.6153846153846154,1.3076923076923077,9.0,0.6923076923076923,1.3142857142857143,87.5,0.0,100.0,28.57142857142857,15,14.5,9,-23,183.47619047619048,203.33333333333334,2.1659819227608876,2.7195121951219514,51.28444030347398,48.71555969652602,296.38461538461536,281.53846153846155,1.6153846153846154,1.3846153846153846,3.230769230769231,1.0,0.5450298468725668,0.49180327868852464,0.6841422268362315,0.3158577731637685,0.027804810232170164,0.29542610871680797,0.5903317814395315,0.02966821856046853,-9,-2,-0.8865392129478274,1.472631679689626,0.5860924667417985
Seahawks,27,NFC,NFC West,86,10,3,0,0.77,5,0,5,3,1.0,0.625,13,3861,1127,4988,3017,1333,4350,34,25,118,19,288670000,15530000,2,11,8,4,16,5,9,21,7,3,12,3.9047249402502726,12.0,8.380952380952381,3.6190476190476186,9,1225.8,10.0,3.0,0.0,0.7692307692307693,344.0,244.0,3546.0,29.0,12.0,12.0,0.0,16.0,113.27,194.0,1053.0,17.0,3.0,48.0,264.0,7.0,243.0,3541.0,29.0,9.0,1488.0,19.0,21.0,13.0,13.0,3.0,312.0,56.0,22.0,35.95,25.32,4.0,10.0,14.0,14.0,8.0,8.0,48.0,48.0,20.0,538.0,4599.0,46.0,15.0,34.0,10.30813953488372,5.427835051546392,70.93023255813954,8.430232558139535,3.488372093023256,4.444444444444445,8.762886597938143,0.24742268041237114,25.071225071225072,3.608247422680412,3.614457831325301,42.022027675797794,14.572016460905349,0.08550185873605948,8.548327137546469,19.0,272.7692307692308,81.0,272.38461538461536,353.7692307692308,26.46153846153846,14.923076923076923,1.6923076923076923,1.4615384615384615,1.6153846153846154,0.9230769230769231,1.2307692307692308,7.0,0.5384615384615384,1.7731958762886597,100.0,100.0,100.0,18.181818181818183,-12,10.0,-4,14,146.7058823529412,174.0,3.4259094942324757,2.2633158289572393,53.41614906832298,46.58385093167702,383.6923076923077,334.61538461538464,2.6153846153846154,1.9230769230769231,9.076923076923077,1.4615384615384615,0.681635926222935,0.5747126436781609,0.7740577385725742,0.22594226142742582,0.03464163231371462,0.29791803789794574,0.6745284364076433,0.09547156359235676,-1,4,1.4788289062587756,0.2047156146653737,1.6835445209241493
Raiders,22,AFC,AFC West,87,6,6,0,0.5,4,3,2,3,0.5714285714285714,0.4,12,2875,1157,4032,2747,1157,3904,30,24,80,11,290880000,13320000,0,11,9,9,29,2,28,31,22,8,16,4.468809215005601,7.05,10.714285714285714,-3.6642857142857137,7,1232.0,6.0,6.0,0.0,0.5,332.0,238.0,3007.0,24.0,18.0,18.0,0.0,20.0,108.36,196.0,1157.0,24.0,7.0,65.0,476.0,10.0,238.0,3007.0,24.0,10.0,1308.0,20.0,31.0,3.0,2.0,3.0,320.0,30.0,30.0,38.9,30.63,3.0,11.0,6.0,4.0,2.0,0.0,49.0,46.0,10.0,528.0,4164.0,48.0,25.0,33.0,9.05722891566265,5.903061224489796,71.6867469879518,7.228915662650602,5.421686746987952,5.681818181818182,12.244897959183673,0.33163265306122447,41.14088159031979,5.1020408163265305,4.184100418410042,43.49850349185235,12.634453781512605,0.09090909090909091,7.886363636363637,8.0,250.58333333333334,96.41666666666667,250.58333333333334,347.0,27.666666666666668,16.333333333333332,2.5,1.6666666666666667,2.5833333333333335,1.5,1.6666666666666667,10.0,0.8333333333333334,1.6938775510204083,66.66666666666666,0.0,93.87755102040816,10.0,-20,19.0,-26,9,134.4,162.66666666666666,2.4848746758859117,2.3742437337942954,50.806451612903224,49.193548387096776,336.0,325.3333333333333,2.5,2.0,6.666666666666667,0.9166666666666666,0.744047619047619,0.6147540983606558,0.7130456349206349,0.28695436507936506,0.020627062706270627,0.2990924092409241,0.6292149033463672,-0.1292149033463672,-1,13,1.2059018155810906,0.023584748233337807,1.2294865638144283
Giants,15,NFC,NFC East,87,11,1,1,0.89,4,1,7,0,0.8,1.0,13,2710,1502,4212,2408,1048,3456,29,18,140,19,303470000,730000,4,15,10,21,9,14,25,13,11,21,7,3.8414440572489443,7.35,7.095238095238095,0.25476190476190474,12,1212.8,11.0,1.0,1.0,0.8846153846153846,259.0,177.0,2402.0,24.0,17.0,17.0,0.0,17.0,103.49,243.93488372093023,1266.0,11.786046511627907,6.446511627906977,44.2953488372093,271.09767441860464,12.232558139534884,188.0,2551.0,26.0,8.0,1358.0,28.0,29.0,7.0,4.0,3.0,268.0,51.0,30.0,43.3,34.8,3.0,7.0,10.0,9.0,3.0,2.0,39.0,39.0,28.0,502.9348837209302,3668.0,35.78604651162791,23.44651162790698,33.0,9.274131274131275,5.189909621324791,68.33976833976834,9.266409266409266,6.563706563706563,6.159420289855073,4.831636349769287,0.1815867749685391,21.413718358499576,5.014681767913664,4.145077720207254,53.23402587220698,13.569148936170214,0.07115443304880192,7.293190666876289,9.553488372093021,184.76923076923077,97.38461538461539,196.23076923076923,282.15384615384613,19.923076923076923,18.764221824686942,2.3076923076923075,2.1538461538461537,2.230769230769231,1.3076923076923077,1.3076923076923077,12.232558139534884,0.9409660107334527,1.0617587613926707,90.0,66.66666666666666,100.0,10.0,12,15.0,-11,2,145.24137931034483,192.0,1.8042609853528628,2.2977099236641223,54.929577464788736,45.07042253521127,324.0,265.84615384615387,2.230769230769231,1.3846153846153846,10.76923076923077,1.4615384615384615,0.6885090218423552,0.5208333333333333,0.6433998100664767,0.35660018993352327,0.03624740501532276,0.28668402148482547,0.7558961133427508,0.13410388665724926,0,2,0.5690719373331591,1.472631679689626,2.041703617022785
Cowboys,10,NFC,NFC East,86,9,4,0,0.69,5,1,4,3,0.8333333333333334,0.5714285714285714,13,2264,1782,4046,2792,1243,4035,27,23,55,5,303520000,680000,4,15,11,11,24,27,3,25,20,5,29,7.67126486184689,10.05,8.142857142857142,1.9071428571428584,14,1204.8,9.0,4.0,0.0,0.6923076923076923,251.0,158.0,1982.0,14.0,18.0,18.0,0.0,8.0,80.59,283.0,1624.0,23.0,6.0,61.0,452.0,10.0,157.0,1982.0,14.0,14.0,964.0,15.0,22.0,6.0,4.0,3.0,261.0,45.0,19.0,42.42,36.26,3.0,3.0,16.0,13.0,6.0,3.0,37.0,37.0,18.0,534.0,3606.0,37.0,24.0,26.0,7.896414342629482,5.738515901060071,62.94820717131474,5.577689243027888,7.171314741035857,3.088803088803089,8.12720848056537,0.21554770318021202,27.832512315270936,3.53356890459364,7.784431137724551,48.63773965691221,12.624203821656051,0.06928838951310862,6.752808988764045,2.0,152.46153846153845,124.92307692307692,152.46153846153845,277.38461538461536,19.307692307692307,21.76923076923077,1.4615384615384615,1.1538461538461537,1.6923076923076923,1.3846153846153846,0.6153846153846154,10.0,0.7692307692307693,0.8869257950530035,81.25,50.0,100.0,15.789473684210526,-13,17.5,24,5,149.85185185185185,175.43478260869566,1.2704826038159371,2.246178600160901,50.06806088355401,49.93193911644598,311.2307692307692,310.38461538461536,2.076923076923077,1.7692307692307692,4.230769230769231,0.38461538461538464,0.6673257538309442,0.5700123915737298,0.5595650024715768,0.44043499752842313,0.029652082235108068,0.2833421191354771,0.5938760166435197,0.0961239833564802,-6,-5,0.20516914976291273,0.566977347529446,0.7721464972923586
Bengals,1,AFC,AFC North,91,10,3,0,0.77,6,1,4,2,0.8571428571428571,0.6666666666666666,13,3767,1050,4817,3056,942,3998,30,20,132,16,270200000,34000000,7,11,12,5,2,6,12,3,17,9,10,7.012269352735411,9.75,12.714285714285714,-2.9642857142857135,10,1216.7,10.0,3.0,0.0,0.7692307692307693,379.0,268.0,3509.0,29.0,16.0,16.0,0.0,11.0,109.13,200.0,984.0,14.0,2.0,44.0,231.0,9.0,268.0,3509.0,29.0,18.0,1431.0,20.0,23.0,13.0,10.0,4.0,278.0,48.0,16.0,45.06,36.69,3.0,5.0,12.0,10.0,3.0,1.0,48.0,48.0,15.0,579.0,4493.0,43.0,18.0,33.0,9.258575197889183,4.92,70.71240105540898,7.651715039577836,4.221635883905013,2.8205128205128207,7.000000000000001,0.22,23.47560975609756,4.5,6.028368794326241,40.780849244799086,13.093283582089553,0.07426597582037997,7.75993091537133,15.0,269.9230769230769,75.6923076923077,269.9230769230769,345.61538461538464,29.153846153846153,15.384615384615385,1.2307692307692308,1.5384615384615385,1.7692307692307692,1.2307692307692308,0.8461538461538461,9.0,0.6923076923076923,1.895,83.33333333333334,33.33333333333333,100.0,18.75,3,3.5,-6,-14,160.56666666666666,199.9,3.5876190476190475,3.2441613588110405,54.64549064095292,45.35450935904708,370.53846153846155,307.53846153846155,2.3076923076923075,1.5384615384615385,10.153846153846153,1.2307692307692308,0.6227942702927134,0.5002501250625313,0.7820220053975503,0.21797799460244965,0.037009622501850484,0.3367875647668394,0.7233124321755028,0.046687567824497234,4,-8,0.7510233311182818,1.1103699468255537,1.8613932779438356
Commanders,25,NFC,NFC East,88,6,7,0,0.46,2,3,4,4,0.4,0.5,13,2505,1179,3684,2534,1254,3788,23,21,18,1,299650000,4550000,6,11,13,13,25,13,17,30,9,14,20,6.604669089175731,19.35,16.142857142857142,3.207142857142859,11,1215.7,6.0,7.0,0.0,0.46153846153846156,280.0,189.0,2255.0,17.0,15.0,15.0,0.0,19.0,90.69,237.0,949.0,15.0,2.0,45.0,168.0,4.0,182.0,2255.0,17.0,10.0,1032.0,17.0,12.0,4.0,3.0,1.0,359.0,47.0,26.0,47.35,43.19,6.0,7.0,10.0,8.0,4.0,2.0,32.0,32.0,23.0,517.0,3204.0,32.0,17.0,15.0,8.053571428571429,4.0042194092827,67.5,6.071428571428571,5.357142857142857,6.354515050167224,6.329113924050633,0.189873417721519,17.702845100105375,1.6877637130801686,4.81283422459893,45.7649667405765,12.39010989010989,0.061895551257253385,6.197292069632495,-2.0,173.46153846153845,73.0,173.46153846153845,246.46153846153845,21.53846153846154,18.23076923076923,2.0,1.3076923076923077,0.9230769230769231,1.1538461538461537,1.4615384615384615,4.0,0.3076923076923077,1.1814345991561181,80.0,50.0,100.0,23.076923076923077,-12,19.0,-4,21,160.17391304347825,180.38095238095238,2.1246819338422394,2.0207336523126,49.30406852248394,50.69593147751606,283.38461538461536,291.38461538461536,1.7692307692307692,1.6153846153846154,1.3846153846153846,0.07692307692307693,0.6243213897937026,0.5543822597676874,0.6799674267100977,0.32003257328990226,0.02002336058735191,0.29367595528116136,0.5536929478219634,-0.09369294782196341,1,5,-0.522636425377581,0.9292390803935177,0.4066026550159366
Chargers,7,AFC,AFC West,87,4,8,0,0.33,3,4,1,4,0.42857142857142855,0.2,12,2848,1067,3915,2537,1170,3707,21,24,-34,-6,301420000,2780000,5,11,14,18,13,11,26,16,8,27,15,6.3997322966022345,15.95,17.333333333333332,-1.3833333333333329,18,1193.9,4.0,8.0,0.0,0.3333333333333333,338.0,220.0,2701.0,21.0,19.0,19.0,0.0,16.0,89.39,180.0,965.0,7.0,6.0,54.0,347.0,9.0,220.0,2701.0,21.0,19.0,988.0,32.0,10.0,6.0,5.0,1.0,294.0,36.0,19.0,46.0,40.11,4.0,4.0,12.0,7.0,5.0,2.0,24.0,22.0,30.0,518.0,3666.0,28.0,25.0,15.0,7.991124260355029,5.361111111111111,65.08875739644971,6.21301775147929,5.621301775147929,4.519774011299435,3.888888888888889,0.3,35.95854922279793,5.0,8.016877637130802,36.57904479822288,12.277272727272727,0.05405405405405406,7.077220077220077,-10.0,225.08333333333334,80.41666666666667,225.08333333333334,305.5,28.166666666666668,15.0,1.5833333333333333,2.6666666666666665,0.8333333333333334,1.5833333333333333,1.3333333333333333,9.0,0.75,1.8777777777777778,58.333333333333336,40.0,91.66666666666666,21.052631578947366,5,15.5,-15,8,186.42857142857142,154.45833333333334,2.669165885660731,2.168376068376068,51.36447126738389,48.63552873261611,326.25,308.9166666666667,1.75,2.0,-2.8333333333333335,-0.5,0.5363984674329502,0.6474237928243862,0.7274584929757344,0.27254150702426566,0.013270519540840024,0.2886338000132705,0.42153642214782644,-0.09153642214782642,9,-2,-0.5681242738238618,0.023584748233337807,-0.544539525590524
Falcons,13,NFC,NFC South,87,7,6,0,0.54,4,2,3,4,0.6666666666666666,0.42857142857142855,13,3291,1207,4498,3109,1522,4631,27,26,19,1,296920000,7280000,5,13,15,25,5,18,20,6,14,26,3,4.711674970029287,10.85,14.0,-3.1500000000000004,13,1205.9,7.0,6.0,0.0,0.5384615384615384,320.0,211.0,2779.0,22.0,23.0,23.0,0.0,9.0,90.85,212.0,998.0,17.0,5.0,66.0,351.0,5.0,210.0,2779.0,22.0,20.0,1091.0,25.0,19.0,11.0,5.0,2.0,279.0,32.0,12.0,49.33,39.58,0.0,3.0,11.0,10.0,1.0,0.0,37.0,35.0,18.0,532.0,3777.0,39.0,28.0,24.0,8.684375,4.7075471698113205,65.9375,6.875000000000001,7.187499999999999,2.735562310030395,8.018867924528301,0.3113207547169811,35.170340681362724,2.358490566037736,8.88888888888889,39.25872616048938,13.233333333333333,0.07330827067669173,7.099624060150376,-4.0,213.76923076923077,76.76923076923077,213.76923076923077,290.53846153846155,24.615384615384617,16.307692307692307,0.9230769230769231,1.9230769230769231,1.4615384615384615,1.7692307692307692,0.6923076923076923,5.0,0.38461538461538464,1.509433962264151,90.9090909090909,0.0,94.5945945945946,0.0,20,15.0,-2,-8,166.59259259259258,178.1153846153846,2.7265948632974317,2.042706964520368,49.27155219629751,50.72844780370248,346.0,356.2307692307692,2.076923076923077,2.0,1.4615384615384615,0.07692307692307693,0.6002667852378835,0.5614338155905851,0.7316585148955091,0.2683414851044909,0.02357537383807086,0.29300821770173785,0.522346248198145,0.017653751801855022,1,2,0.20516914976291273,0.023584748233337807,0.22875389799625054
49ers,14,NFC,NFC West,89,8,5,0,0.62,4,2,4,3,0.6666666666666666,0.5714285714285714,13,2663,1114,3777,2757,1008,3765,25,20,65,9,270790000,33410000,4,11,16,28,1,22,18,1,1,28,1,3.2074793615623323,11.9,13.714285714285714,-1.8142857142857132,17,1194.2,8.0,5.0,0.0,0.6153846153846154,264.0,192.0,2313.0,19.0,11.0,11.0,0.0,11.0,101.32,188.0,945.0,13.0,1.0,44.0,241.0,10.0,192.0,2313.0,19.0,18.0,1305.0,16.0,15.0,12.0,7.0,3.0,255.0,40.0,17.0,41.35,36.94,5.0,1.0,9.0,8.0,0.0,0.0,33.0,31.0,13.0,452.0,3258.0,32.0,12.0,22.0,8.761363636363637,5.026595744680851,72.72727272727273,7.196969696969697,4.166666666666666,4.0,6.914893617021277,0.23404255319148937,25.502645502645503,5.319148936170213,8.780487804878048,56.42023346303502,12.046875,0.07079646017699115,7.207964601769912,10.0,177.92307692307693,72.6923076923077,177.92307692307693,250.6153846153846,20.307692307692307,14.461538461538462,1.3076923076923077,1.2307692307692308,1.1538461538461537,0.8461538461538461,0.8461538461538461,10.0,0.7692307692307693,1.4042553191489362,88.88888888888889,0,93.93939393939394,29.411764705882355,27,14.5,4,0,151.08,188.25,2.39048473967684,2.7351190476190474,50.07955449482896,49.92044550517104,290.53846153846155,289.61538461538464,1.9230769230769231,1.5384615384615385,5.0,0.6923076923076923,0.6619009796134498,0.5312084993359893,0.7050569234842468,0.29494307651575324,0.029543188448613315,0.3286679714908231,0.6292149033463672,-0.00921490334636721,0,0,-0.15873363780733415,1.1103699468255537,0.9516363090182195
Bears,0,NFC,NFC North,87,7,5,0,0.58,2,4,5,1,0.3333333333333333,0.8333333333333334,12,3244,827,4071,2910,1102,4012,29,28,13,2,281900000,22300000,6,11,17,19,21,15,21,24,16,19,14,4.032733406381861,19.15,16.761904761904763,2.388095238095236,16,1196.0,7.0,5.0,0.0,0.5833333333333334,318.0,216.0,3392.0,34.0,18.0,18.0,0.0,22.0,108.54,198.0,827.0,11.0,9.0,47.0,261.0,5.0,217.0,3405.0,34.0,11.0,1488.0,21.0,20.0,5.0,3.0,2.0,307.0,45.0,18.0,42.67,37.56,5.0,3.0,11.0,7.0,2.0,1.0,42.0,36.0,11.0,516.0,4219.0,45.0,27.0,23.0,10.666666666666666,4.1767676767676765,67.9245283018868,10.69182389937107,5.660377358490567,6.470588235294119,5.555555555555555,0.23737373737373738,31.559854897218862,2.525252525252525,4.888888888888889,43.70044052863436,15.691244239631336,0.0872093023255814,8.176356589147288,-4.0,282.6666666666667,68.91666666666667,283.75,351.5833333333333,26.5,16.5,1.5,1.75,1.6666666666666667,1.5,1.8333333333333333,5.0,0.4166666666666667,1.606060606060606,63.63636363636363,50.0,85.71428571428571,27.77777777777778,-2,20.0,-6,8,140.3793103448276,143.28571428571428,3.9226118500604596,2.6406533575317606,50.36496350364964,49.63503649635037,339.25,334.3333333333333,2.4166666666666665,2.3333333333333335,1.0833333333333333,0.16666666666666666,0.7123556865634979,0.6979062811565304,0.7968558093834439,0.20314419061655614,0.024831500532103586,0.3086200780418588,0.5207796312407376,0.0592203687592624,0,7,1.0087878056472066,-0.7613156729721519,0.24747213267505475
Jaguars,16,AFC,AFC South,87,10,3,0,0.77,6,2,4,1,0.75,0.8,13,2102,1317,3419,2832,1146,3978,27,21,79,36,274550000,29650000,0,12,18,27,18,23,16,20,12,11,21,7.092488338995451,14.65,15.714285714285714,-1.0642857142857132,15,1200.8,10.0,3.0,0.0,0.7692307692307693,194.0,140.0,1974.0,21.0,12.0,12.0,0.0,23.0,113.49,229.0,1138.0,15.0,5.0,48.0,320.0,10.0,155.0,2302.0,22.0,17.0,976.0,14.0,42.0,1.0,1.0,2.0,271.0,33.0,23.0,45.78,36.83,5.0,5.0,12.0,9.0,2.0,1.0,36.0,34.0,12.0,423.0,3112.0,36.0,17.0,43.0,10.175257731958762,4.96943231441048,72.16494845360825,10.824742268041238,6.185567010309279,10.599078341013826,6.550218340611353,0.2096069868995633,28.119507908611602,4.366812227074235,9.941520467836257,42.397914856646395,14.851612903225806,0.0851063829787234,7.356973995271868,26.0,151.84615384615384,87.53846153846153,177.07692307692307,239.3846153846154,14.923076923076923,17.615384615384617,1.7692307692307692,1.0769230769230769,3.230769230769231,0.9230769230769231,1.7692307692307692,10.0,0.7692307692307693,0.8471615720524017,75.0,50.0,94.44444444444444,21.73913043478261,9,22.5,7,8,126.62962962962963,189.42857142857142,1.5960516324981018,2.4712041884816753,46.22144112478031,53.77855887521969,263.0,306.0,2.076923076923077,1.6153846153846154,6.076923076923077,2.769230769230769,0.7897045919859609,0.5279034690799397,0.6147996490201814,0.38520035097981864,0.0364232380258605,0.3168821708249863,0.6446524924482715,0.12534750755172852,-16,-3,0.20516914976291273,0.9292390803935177,1.1344082301564304
Texans,31,AFC,AFC South,85,4,9,0,0.31,1,5,3,4,0.16666666666666666,0.42857142857142855,13,3231,801,4032,2850,1407,4257,26,28,-23,-8,293330000,10870000,5,20,19,8,20,3,24,10,28,23,23,4.0188431837278245,22.25,22.666666666666668,-0.41666666666666785,25,1177.8,4.0,9.0,0.0,0.3076923076923077,347.0,243.0,2896.0,22.0,21.0,21.0,0.0,8.0,94.7,168.0,697.0,14.0,4.0,52.0,343.0,4.0,243.0,2896.0,22.0,26.0,1454.0,8.0,15.0,3.0,1.0,1.0,256.0,29.0,13.0,45.85,30.77,1.0,3.0,12.0,10.0,3.0,2.0,34.0,33.0,3.0,515.0,3593.0,36.0,25.0,16.0,8.345821325648416,4.148809523809524,70.02881844380403,6.340057636887608,6.051873198847262,2.2535211267605635,8.333333333333332,0.30952380952380953,49.21090387374462,2.380952380952381,9.66542750929368,50.20718232044199,11.91769547325103,0.06990291262135923,6.976699029126213,-9.0,222.76923076923077,53.61538461538461,222.76923076923077,276.38461538461536,26.692307692307693,12.923076923076923,1.0,0.6153846153846154,1.1538461538461537,1.6153846153846154,0.6153846153846154,4.0,0.3076923076923077,2.0654761904761907,83.33333333333334,66.66666666666666,97.05882352941177,7.6923076923076925,-12,14.0,-21,-18,155.07692307692307,152.03571428571428,4.033707865168539,2.025586353944563,48.642779587404995,51.357220412595005,310.15384615384613,327.46153846153845,2.0,2.1538461538461537,-1.7692307692307692,-0.6153846153846154,0.6448412698412698,0.6577401926239136,0.8013392857142857,0.19866071428571427,0.013636518596802236,0.28977602018204757,0.4562035546001034,-0.14620355460010342,15,-3,0.023217755977789023,-0.3386769846307339,-0.3154592286529449
Dolphins,11,AFC,AFC East,85,3,9,0,0.25,2,3,1,6,0.4,0.14285714285714285,12,2579,835,3414,2731,907,3638,14,32,-215,-21,255930000,48270000,1,11,20,14,26,8,27,22,26,12,28,4.990770780187047,19.7,20.952380952380953,-1.2523809523809533,21,1189.5,3.0,9.0,0.0,0.25,307.0,188.0,2350.0,13.0,23.0,23.0,0.0,23.0,71.09,204.6,835.0,6.843373493975903,6.36867469879518,47.89879518072289,218.55421686746988,3.7373493975903616,215.0,2707.0,17.0,21.0,1012.0,19.5,10.0,2.0,1.0,0.0,297.0,30.0,27.0,43.44,37.63,1.0,5.0,13.0,8.0,5.0,1.0,19.0,19.0,11.0,511.6,3185.0,19.843373493975903,29.368674698795182,11.0,7.6547231270358305,4.081133919843597,61.23778501628665,4.234527687296417,7.491856677524431,6.969696969696971,3.3447573284339707,0.23410945836130448,26.174157708679026,1.8266614846482707,8.583690987124463,37.38455855190247,12.590697674418605,0.03878689111410458,6.22556684910086,-18.368674698795182,195.83333333333334,69.58333333333333,225.58333333333334,265.4166666666667,25.583333333333332,17.05,2.25,1.625,0.8333333333333334,1.9166666666666667,1.9166666666666667,3.7373493975903616,0.31144578313253013,1.5004887585532747,61.53846153846154,20.0,100.0,3.7037037037037033,-12,20.0,-19,-4,243.85714285714286,113.6875,3.088622754491018,3.0110253583241455,48.411798071469086,51.58820192853091,284.5,303.1666666666667,1.1666666666666667,2.6666666666666665,-17.916666666666668,-1.75,0.4100761570005858,0.8796041781198461,0.7554188635032221,0.24458113649677798,0.01172195522213105,0.33212206462704646,0.12355059630582806,0.12644940369417196,-2,-2,-1.9479223433610466,-1.5462160941776404,-3.494138437538687
Panthers,20,NFC,NFC South,86,8,5,0,0.62,4,2,4,3,0.6666666666666666,0.5714285714285714,13,2006,1853,3859,2959,1020,3979,24,22,23,4,302770000,1430000,0,20,21,26,4,24,14,5,13,25,6,5.035861874452116,15.95,17.238095238095237,-1.288095238095238,24,1179.6,8.0,5.0,0.0,0.6153846153846154,274.0,154.0,2003.0,15.0,19.0,19.0,0.0,32.0,78.005,239.0,1591.0,15.0,9.0,67.0,346.0,13.0,154.0,2003.0,15.0,19.0,905.0,26.0,26.0,6.0,5.0,3.0,281.0,51.0,27.0,44.04,40.04,11.0,2.0,11.0,7.0,2.0,1.0,29.0,27.0,10.0,513.0,3594.0,30.0,28.0,31.0,7.310218978102189,6.656903765690377,56.20437956204379,5.474452554744526,6.934306569343065,10.457516339869281,6.2761506276150625,0.2803347280334728,21.747328724072908,5.439330543933055,9.375,45.18222666000998,13.006493506493506,0.05847953216374269,7.005847953216374,3.0,154.07692307692307,122.38461538461539,154.07692307692307,276.46153846153845,21.076923076923077,18.384615384615383,2.076923076923077,2.0,2.0,1.4615384615384615,2.4615384615384617,13.0,1.0,1.1464435146443515,63.63636363636363,50.0,93.10344827586206,40.74074074074074,22,15.0,10,-8,160.79166666666666,180.86363636363637,1.0825688073394495,2.9009803921568627,49.234498596580764,50.76550140341924,296.84615384615387,306.0769230769231,1.8461538461538463,1.6923076923076923,1.7692307692307692,0.3076923076923077,0.6219227779217413,0.5529027393817542,0.5198237885462555,0.4801762114537445,0.02642269709680616,0.2840439937906662,0.5513723172510174,0.06862768274898257,-1,-2,-0.34068503159245733,0.7481082139614819,0.40742318236902453
Rams,23,NFC,NFC West,84,8,4,0,0.67,3,2,5,2,0.6,0.7142857142857143,12,2636,1292,3928,2213,1188,3401,25,24,17,1,276710000,27490000,0,11,22,23,15,16,22,12,23,20,17,6.448902253379767,18.9,17.428571428571427,1.4714285714285715,19,1190.7,8.0,4.0,0.0,0.6666666666666666,321.0,224.0,2543.0,24.0,15.0,15.0,0.0,19.0,101.12,209.0,1106.0,7.0,6.0,43.0,257.0,8.0,245.0,2786.0,27.0,21.0,1344.0,21.5,17.0,3.0,2.0,1.0,221.0,31.0,18.0,50.78,39.72,3.0,3.0,13.0,10.0,5.0,3.0,33.0,33.0,12.0,530.0,3649.0,31.0,21.0,19.0,7.922118380062305,5.291866028708134,69.78193146417445,7.476635514018691,4.672897196261682,5.588235294117648,3.349282296650718,0.20574162679425836,23.236889692585898,3.827751196172249,7.5098814229249005,48.24120603015075,11.371428571428572,0.05849056603773585,6.884905660377359,-2.0,211.91666666666666,92.16666666666667,232.16666666666666,304.0833333333333,26.75,17.416666666666668,1.5,1.7916666666666667,1.4166666666666667,1.25,1.5833333333333333,8.0,0.6666666666666666,1.5358851674641147,76.92307692307693,60.0,100.0,16.666666666666664,8,19.0,-6,-11,157.12,141.70833333333334,2.040247678018576,1.862794612794613,53.59530631736935,46.40469368263064,327.3333333333333,283.4166666666667,2.0833333333333335,2.0,1.4166666666666667,0.08333333333333333,0.6364562118126273,0.7056748015289621,0.6710794297352343,0.3289205702647658,0.028911134400636047,0.3035669112066785,0.524168183107717,0.14583181689228308,-3,-2,0.22033176591167297,0.023584748233337807,0.24391651414501078
Browns,4,AFC,AFC North,88,9,3,0,0.75,6,1,3,2,0.8571428571428571,0.6,12,2532,1131,3663,2710,728,3438,25,22,43,-1,284200000,20000000,3,11,23,31,10,30,23,14,10,30,18,8.539790339129405,17.2,17.333333333333332,-0.13333333333333286,22,1186.4,9.0,3.0,0.0,0.75,299.3574744661096,199.13091922005572,2532.0,20.375116063138346,24.293407613741874,31.0,-6.7065923862581265,15.673166202414112,84.53,218.34453781512605,1131.0,13.126050420168067,7.084033613445378,50.168067226890756,459.1848739495798,9.168067226890756,190.0,2492.0,22.0,15.0,1124.0,17.0,21.0,4.0,3.0,3.0,232.0,74.0,22.0,41.95,33.27,3.0,2.0,14.0,10.0,2.0,0.0,32.0,31.0,7.0,517.7020122812356,3663.0,33.50116648330641,31.37744122718725,24.0,8.458115183246074,5.179886849093638,66.51944120493289,6.806282722513088,8.115183246073297,4.975124378109452,6.011622984258938,0.229765615979679,40.59990043762863,4.198899280298657,7.5,45.10433386837881,13.115789473684211,0.06471129276798579,7.075498864412599,-7.377441227187251,211.0,94.25,207.66666666666666,305.25,24.946456205509133,18.195378151260503,1.8333333333333333,1.4166666666666667,1.75,2.0244506344784896,1.3060971835345094,9.168067226890756,0.7640056022408963,1.371032577510951,71.42857142857143,0.0,96.875,13.636363636363635,21,20.5,7,4,146.52,156.27272727272728,2.2387267904509285,3.7225274725274726,51.58428390367554,48.41571609632446,305.25,286.5,2.0833333333333335,1.8333333333333333,3.5833333333333335,-0.08333333333333333,0.6825006825006825,0.6399069226294357,0.6912366912366913,0.30876330876330876,0.03166783954961295,0.30964109781843774,0.57516719733523,0.17483280266476997,-1,-8,0.22033176591167297,0.41603495883608266,0.6363667247477556
Vikings,30,NFC,NFC North,85,5,8,0,0.39,3,3,2,5,0.5,0.2857142857142857,13,2685,1126,3811,2573,1435,4008,23,23,-1,-10,299340000,4860000,0,11,24,20,22,9,32,7,31,22,26,5.4458559306476895,20.8,22.0,-1.1999999999999993,27,1165.6,5.0,8.0,0.0,0.38461538461538464,269.0,166.0,2253.0,18.0,20.0,20.0,0.0,19.0,84.4,204.0,994.0,14.0,3.0,37.0,277.0,5.0,166.0,2253.0,18.0,18.0,1018.0,23.0,14.0,3.0,1.0,2.0,293.0,32.0,21.0,48.24,39.33,4.0,3.0,8.0,7.0,2.0,2.0,31.0,28.0,44.0,473.0,3247.0,32.0,23.0,15.0,8.37546468401487,4.872549019607843,61.71003717472119,6.691449814126393,7.434944237918216,6.597222222222222,6.862745098039216,0.18137254901960784,27.867203219315893,2.450980392156863,8.670520231213873,45.18419884598313,13.572289156626505,0.06765327695560254,6.864693446088795,-8.0,173.30769230769232,76.46153846153847,173.30769230769232,249.76923076923077,20.692307692307693,15.692307692307692,1.6153846153846154,1.7692307692307692,1.0769230769230769,1.5384615384615385,1.4615384615384615,5.0,0.38461538461538464,1.3186274509803921,87.5,100.0,90.32258064516128,19.047619047619047,-2,21.0,-23,-24,165.69565217391303,174.2608695652174,2.3845470692717585,1.7930313588850175,48.740248113569514,51.25975188643049,293.15384615384613,308.3076923076923,1.7692307692307692,1.7692307692307692,-0.07692307692307693,-0.7692307692307693,0.6035161374967201,0.5738522954091816,0.704539490947258,0.29546050905274207,0.016703414177857957,0.28395804102358524,0.5,-0.10999999999999999,2,-4,-0.522636425377581,0.566977347529446,0.044340922151864914
Steelers,28,AFC,AFC North,87,5,7,0,0.42,3,3,2,4,0.5,0.3333333333333333,12,2779,1588,4367,2936,1136,4072,25,27,-22,-13,295520000,8680000,0,11,25,24,11,25,10,15,5,24,22,6.848926410786499,19.7,22.904761904761905,-3.204761904761906,20,1190.0,5.0,7.0,0.0,0.4166666666666667,276.0,189.0,2591.0,15.0,27.0,27.0,0.0,4.0,88.195,249.0,1554.0,20.0,4.0,56.0,522.0,12.0,188.0,2591.0,15.0,16.0,1149.0,19.0,13.0,5.0,4.0,4.0,260.0,48.0,14.0,48.07,43.43,6.0,1.0,13.0,9.0,2.0,0.0,38.0,37.0,12.0,525.0,4145.0,35.0,31.0,17.0,9.38768115942029,6.240963855421687,68.47826086956522,5.434782608695652,9.782608695652174,1.4285714285714286,8.032128514056225,0.2248995983935743,33.59073359073359,4.819277108433735,8.16326530612245,44.345812427634115,13.78191489361702,0.06666666666666667,7.895238095238096,-14.0,215.91666666666666,129.5,215.91666666666666,345.4166666666667,23.0,20.75,1.1666666666666667,1.5833333333333333,1.0833333333333333,2.25,0.3333333333333333,12.0,1.0,1.108433734939759,69.23076923076923,0.0,97.36842105263158,42.857142857142854,13,17.5,15,10,174.68,150.8148148148148,1.75,2.584507042253521,51.74783742149543,48.25216257850457,363.9166666666667,339.3333333333333,2.0833333333333335,2.25,-1.8333333333333333,-1.0833333333333333,0.572475383558507,0.6630648330058939,0.6363636363636364,0.36363636363636365,0.016919328641039524,0.29439631835408775,0.45452658418958936,-0.03452658418958937,0,-11,0.22033176591167297,-0.5650905676707791,-0.34475880175910617
Bills,2,AFC,AFC East,84,8,4,0,0.67,3,3,5,1,0.5,0.8333333333333334,12,2683,1456,4139,3276,838,4114,28,28,8,9,296570000,7630000,2,13,26,10,27,7,19,28,18,18,24,9.240523225578242,16.55,21.952380952380953,-5.402380952380952,28,1159.0,8.0,4.0,0.0,0.6666666666666666,293.0,199.0,2608.0,33.0,16.0,16.0,0.0,15.0,107.79,236.0,1409.0,9.0,9.0,57.0,431.0,8.0,199.0,2608.0,33.0,9.0,1401.0,14.0,26.0,2.0,1.0,1.0,244.0,37.0,23.0,48.43,40.43,4.0,4.0,9.0,7.0,2.0,1.0,37.0,36.0,15.0,529.0,4017.0,42.0,25.0,27.0,8.901023890784982,5.970338983050848,67.91808873720136,11.262798634812286,5.460750853242321,4.870129870129871,3.8135593220338984,0.24152542372881355,30.58907026259759,3.389830508474576,4.390243902439024,53.71932515337423,13.105527638190955,0.07939508506616257,7.593572778827977,2.0,217.33333333333334,117.41666666666667,217.33333333333334,334.75,24.416666666666668,19.666666666666668,1.9166666666666667,1.1666666666666667,2.1666666666666665,1.3333333333333333,1.25,8.0,0.6666666666666666,1.2415254237288136,77.77777777777779,50.0,97.2972972972973,17.391304347826086,-17,18.5,-12,10,147.82142857142858,146.92857142857142,1.8427197802197801,3.909307875894988,50.1514600751242,49.8485399248758,344.9166666666667,342.8333333333333,2.3333333333333335,2.3333333333333335,0.6666666666666666,0.75,0.6764919062575502,0.6806028196402528,0.6482242087460739,0.35177579125392605,0.02697508176821661,0.2832383585662744,0.5,0.17000000000000004,8,3,0.8116737957133238,-0.7613156729721519,0.05035812274117191
Chiefs,8,AFC,AFC West,90,5,7,0,0.42,4,2,1,5,0.6666666666666666,0.16666666666666666,12,3182,1179,4361,2970,1162,4132,28,28,6,-5,300570000,3630000,10,11,27,16,28,17,13,18,29,17,27,3.3697397149601063,24.85,25.61904761904762,-0.769047619047619,26,1169.9,5.0,7.0,0.0,0.4166666666666667,325.0,224.0,3357.0,32.0,20.0,20.0,0.0,24.0,105.53,215.0,1179.0,10.0,6.0,57.0,350.0,10.0,224.0,3357.0,32.0,21.0,1877.0,13.5,17.0,6.0,3.0,1.0,268.0,54.0,18.0,44.22,38.22,7.0,3.0,15.0,13.0,4.0,3.0,39.0,38.0,5.0,540.0,4536.0,42.0,26.0,20.0,10.329230769230769,5.4837209302325585,68.92307692307692,9.846153846153847,6.153846153846154,6.876790830945559,4.651162790697675,0.2651162790697674,29.686174724342663,4.651162790697675,8.860759493670885,55.91301757521596,14.986607142857142,0.07777777777777778,8.4,-6.0,279.75,98.25,279.75,378.0,27.083333333333332,17.916666666666668,1.5,1.125,1.4166666666666667,1.6666666666666667,2.0,10.0,0.8333333333333334,1.5116279069767442,86.66666666666667,75.0,97.43589743589743,38.88888888888889,-12,22.0,4,-11,155.75,147.57142857142858,2.698897370653096,2.5559380378657486,51.34816908041917,48.65183091958083,363.4166666666667,344.3333333333333,2.3333333333333335,2.3333333333333335,0.5,-0.4166666666666667,0.6420545746388443,0.6776379477250726,0.7296491630360009,0.2703508369639991,0.01663506005256679,0.29943108094620224,0.5,-0.08000000000000002,1,1,0.8116737957133238,-0.7613156729721519,0.05035812274117191
Jets,17,AFC,AFC East,86,4,8,0,0.33,4,3,0,5,0.5714285714285714,0.0,12,3735,1185,4920,3135,1765,4900,29,36,-84,-12,258080000,46120000,2,17,28,1,32,1,31,23,32,10,31,3.4912996306881636,24.4,26.333333333333332,-1.9333333333333336,30,1145.1,4.0,8.0,0.0,0.3333333333333333,387.52837788355913,249.3368729403149,3735.0,37.69205419260344,22.299890150128157,22.0,0.29989015012815656,26.46136946173563,98.60499999999999,199.0,1086.0,6.0,5.0,46.0,205.0,4.0,239.0,3607.0,36.0,23.0,1577.0,12.0,7.0,5.0,4.0,2.0,267.0,19.0,16.0,50.56,41.88,6.0,6.0,14.0,8.0,6.0,2.0,32.0,32.0,17.0,586.5283778835592,4821.0,43.69205419260344,27.299890150128157,11.0,9.638003855093826,5.457286432160804,64.34028762023546,9.72626944082242,5.754388948731031,6.391793427595467,3.015075376884422,0.23115577889447236,18.87661141804788,2.0100502512562812,8.778625954198473,43.72054338785695,15.092050209205022,0.0744926517456201,8.2195511449867,-16.299890150128157,311.25,90.5,300.5833333333333,401.75,32.2940314902966,16.583333333333332,1.3333333333333333,1.0,0.5833333333333334,1.8583241791773464,2.2051141218113024,4.0,0.3333333333333333,1.947378783334468,57.14285714285714,33.33333333333333,100.0,37.5,-31,16.5,-30,-9,169.6551724137931,136.11111111111111,3.151898734177215,1.7762039660056657,50.101832993890014,49.89816700610998,410.0,408.3333333333333,2.4166666666666665,3.0,-7.0,-1.0,0.5894308943089431,0.7346938775510203,0.7591463414634146,0.24085365853658536,0.015499070055796654,0.33323000619962806,0.37461965304061867,-0.044619653040618656,9,1,1.0087878056472066,-2.33111651538313,-1.3223287097359235
Colts,9,AFC,AFC South,88,6,7,0,0.46,2,4,4,3,0.3333333333333333,0.5714285714285714,13,2169,1041,3210,2655,1213,3868,22,21,13,7,301880000,2320000,0,11,29,12,23,26,6,17,24,29,19,7.046037106445967,21.05,26.095238095238095,-5.045238095238094,31,1141.9,6.0,7.0,0.0,0.46153846153846156,239.0,146.0,2082.0,12.0,18.0,18.0,0.0,7.0,81.88,183.0,923.0,13.0,7.0,40.0,269.0,8.0,144.0,2082.0,12.0,13.0,837.0,16.0,31.0,3.0,2.0,6.0,267.0,39.0,21.0,35.52,27.52,2.0,1.0,13.0,11.0,5.0,3.0,33.0,32.0,10.0,422.0,3005.0,25.0,25.0,33.0,8.711297071129707,5.043715846994536,61.08786610878661,5.02092050209205,7.531380753138076,2.8455284552845526,7.103825136612022,0.2185792349726776,29.144095341278444,4.371584699453552,8.38709677419355,40.20172910662824,14.458333333333334,0.05924170616113744,7.12085308056872,8.0,160.15384615384616,71.0,160.15384615384616,231.15384615384616,18.384615384615383,14.076923076923077,1.6153846153846154,1.2307692307692308,2.3846153846153846,1.3846153846153846,0.5384615384615384,8.0,0.6153846153846154,1.3060109289617485,84.61538461538461,60.0,96.96969696969697,9.523809523809524,-11,17.5,20,-7,145.9090909090909,184.1904761904762,2.0835734870317,2.18878812860676,45.35179429217293,54.64820570782707,246.92307692307693,297.53846153846155,1.6923076923076923,1.6153846153846154,1.0,0.5384615384615384,0.6853582554517134,0.5429162357807653,0.6757009345794392,0.32429906542056075,0.019875447197561947,0.2915065588975752,0.5275352226504046,-0.06753522265040462,17,4,-0.7045878191627043,0.9292390803935177,0.22465126123081336
Packers,19,NFC,NFC North,85,3,10,0,0.23,1,4,2,6,0.2,0.25,13,2759,1153,3912,2995,1373,4368,20,31,-140,-9,285550000,18650000,0,11,30,30,12,21,30,11,15,31,25,4.106986835689961,25.15,28.285714285714285,-3.135714285714286,29,1155.6,3.0,10.0,0.0,0.23076923076923078,321.0,206.0,2501.0,14.0,17.0,17.0,0.0,20.0,83.85,192.32658959537574,1110.0,15.384393063583815,5.794797687861272,47.127167630057805,378.17052023121386,9.589595375722544,207.0,2512.0,14.0,27.0,1049.0,15.0,8.0,7.0,3.0,0.0,268.0,43.0,25.0,28.16,25.92,1.0,1.0,9.0,7.0,2.0,1.0,23.0,21.0,19.0,513.3265895953757,3611.0,29.384393063583815,22.794797687861273,11.0,7.7912772585669785,5.7714328649785855,64.17445482866043,4.361370716510903,5.29595015576324,5.865102639296188,7.999098354496955,0.24503719287700051,34.0694162370463,4.986099631828086,11.894273127753303,41.759554140127385,12.135265700483092,0.05724307616082337,7.034507997815451,-11.794797687861273,192.3846153846154,85.38461538461539,193.23076923076923,277.7692307692308,24.692307692307693,14.794353045798134,1.9230769230769231,1.1538461538461537,0.6153846153846154,1.3076923076923077,1.5384615384615385,9.589595375722544,0.737661182747888,1.6690359906829964,77.77777777777779,50.0,91.30434782608695,4.0,18,21.0,-9,-4,195.6,140.90322580645162,2.3928881179531656,2.1813546977421705,47.2463768115942,52.7536231884058,300.9230769230769,336.0,1.5384615384615385,2.3846153846153846,-10.76923076923077,-0.6923076923076923,0.5112474437627812,0.7097069597069597,0.7052658486707567,0.29473415132924335,0.010506040973559796,0.29767116091752754,0.26140782229313114,-0.03140782229313113,1,-13,-1.0684906067329507,-0.8820695839268421,-1.9505601906597927
Eagles,12,NFC,NFC East,86,1,11,1,0.12,1,5,0,6,0.16666666666666666,0.0,13,2063,1570,3633,2675,1555,4230,16,27,-135,-12,202310000,101890000,0,11,31,6,30,12,7,27,27,16,30,5.276754721665906,27.0,30.714285714285715,-3.7142857142857153,23,1182.8,1.0,11.0,1.0,0.11538461538461539,291.0,193.0,2148.0,15.0,21.0,21.0,0.0,29.0,85.43,234.0,1441.0,13.0,4.0,48.0,313.0,10.0,178.0,2027.0,14.0,10.0,839.0,19.0,12.0,4.0,2.0,1.0,401.0,38.0,29.0,41.239999999999995,36.28,6.0,6.0,13.0,6.0,2.0,0.0,27.0,25.0,23.0,525.0,3589.0,28.0,25.0,14.0,7.381443298969073,6.1581196581196584,66.32302405498281,5.154639175257731,7.216494845360824,9.0625,5.555555555555555,0.20512820512820512,21.721027064538514,4.273504273504273,5.142857142857142,41.391218549580664,11.387640449438202,0.05333333333333334,6.836190476190477,-11.0,165.23076923076923,110.84615384615384,155.92307692307693,276.0769230769231,22.384615384615383,18.0,2.230769230769231,1.4615384615384615,0.9230769230769231,1.6153846153846154,2.230769230769231,10.0,0.7692307692307693,1.2435897435897436,46.15384615384615,0.0,92.5925925925926,20.689655172413794,-24,18.0,5,0,227.0625,156.66666666666666,1.3140127388535032,1.720257234726688,46.20373903090423,53.79626096909577,279.46153846153845,325.38461538461536,1.2307692307692308,2.076923076923077,-10.384615384615385,-0.9230769230769231,0.4404073768235618,0.6382978723404255,0.56785026149188,0.43214973850812,0.004942909396470763,0.42509020809648557,0.22441891034196557,-0.10441891034196557,10,0,-1.796296181873444,-0.1575461181986986,-1.9538423000721425
Cardinals,6,NFC,NFC West,85,1,12,0,0.08,0,7,1,5,0.0,0.16666666666666666,13,1773,986,2759,3395,1745,5140,11,34,-290,-27,287830000,16370000,0,13,32,32,31,32,29,32,30,32,32,4.458413831901451,28.25,31.61904761904762,-3.3690476190476204,32,1101.0,1.0,12.0,0.0,0.07692307692307693,307.0,125.0,1850.0,10.0,35.0,35.0,0.0,42.0,37.04,179.0,919.0,4.0,7.0,43.0,228.0,3.0,125.0,1850.0,10.0,24.0,704.0,20.5,11.0,7.0,3.0,3.0,284.0,33.0,41.0,49.88,39.71,6.0,5.0,14.0,7.0,7.0,1.0,14.0,12.0,10.0,486.0,2769.0,14.0,42.0,14.0,6.026058631921824,5.134078212290503,40.71661237785016,3.257328990228013,11.400651465798045,12.034383954154727,2.2346368715083798,0.24022346368715083,24.809575625680086,1.675977653631285,13.88888888888889,38.054054054054056,14.8,0.02880658436213992,5.697530864197531,-28.0,142.30769230769232,70.6923076923077,142.30769230769232,213.0,23.615384615384617,13.76923076923077,3.1538461538461537,1.5769230769230769,0.8461538461538461,2.6923076923076925,3.230769230769231,3.0,0.23076923076923078,1.7150837988826815,50.0,14.285714285714285,85.71428571428571,14.634146341463413,1,31.5,3,2,250.8181818181818,151.1764705882353,1.7981744421906694,1.9455587392550144,34.928471958475754,65.07152804152425,212.23076923076923,395.38461538461536,0.8461538461538461,2.6153846153846154,-22.307692307692307,-2.076923076923077,0.3986951794128307,0.6614785992217899,0.6426241391808626,0.35737586081913736,0.003474273008372998,0.29531320571170483,0.06449718068884167,0.015502819311158336,0,-1,-2.706053150799061,-1.4254621832229502,-4.131515334022011
