id,team,seasonIndex,stageIndex,weekIndex,totalLosses,totalTies,totalWins,rank,prevRank,ptsAgainstRank,ptsForRank,offPassYdsRank,offRushYdsRank,offTotalYdsRank,defPassYdsRank,defRushYdsRank,defTotalYdsRank
11120862,Ravens,0,1,4,1,0,4,3,0,15,7,28,1,6,29,2,21
11120852,Bills,0,1,4,3,0,1,27,0,29,15,21,13,19,19,5,16
11120874,Commanders,0,1,4,3,0,2,18,0,26,25,4,28,12,28,13,27
11120875,Rams,0,1,4,2,0,2,16,0,14,13,15,27,24,6,16,7
11120871,Buccaneers,0,1,4,3,0,2,20,0,10,17,22,20,23,16,31,24
11120851,Patriots,0,1,4,1,0,3,7,0,4,14,31,7,29,11,1,5
11120869,Falcons,0,1,4,2,0,2,15,0,12,19,17,23,22,12,10,10
11120868,Vikings,0,1,4,1,0,3,9,0,18,21,19,30,25,1,20,1
11120876,Cardinals,0,1,4,5,0,0,31,0,32,32,30,16,31,30,23,30
11120873,Giants,0,1,4,2,0,3,10,0,13,8,5,11,4,17,11,14
11120872,Cowboys,0,1,4,1,0,4,5,0,28,4,12,6,8,32,12,31
11120870,Panthers,0,1,4,2,0,3,12,0,5,22,7,17,13,15,8,11
11120850,Jets,0,1,4,3,0,2,22,0,31,1,1,24,1,31,30,32
11120853,Raiders,0,1,4,0,0,5,2,0,2,3,3,14,3,20,4,17
11120854,Broncos,0,1,4,1,0,4,4,0,8,6,23,3,7,21,27,25
11120861,Seahawks,0,1,4,2,0,3,13,0,16,9,8,10,11,26,9,20
11120863,Steelers,0,1,4,4,0,0,32,0,25,29,26,31,28,7,6,6
11120855,Chargers,0,1,4,3,0,2,19,0,22,28,13,19,18,24,14,19
11120847,Titans,0,1,4,1,0,4,6,0,3,11,2,12,2,14,18,13
11120848,Texans,0,1,4,3,0,2,23,0,19,26,10,32,20,22,21,23
11120846,Dolphins,0,1,4,2,0,3,11,0,11,5,6,25,14,18,29,26
11120867,Lions,0,1,4,2,0,3,14,0,7,18,16,8,16,10,24,15
11120860,49ers,0,1,4,1,0,3,8,0,1,12,29,18,30,5,3,2
11120865,Browns,0,1,4,3,0,1,25,0,9,31,32,26,32,2,22,4
11120857,Bears,0,1,4,3,0,1,24,0,20,20,27,22,27,13,7,9
11120858,Saints,0,1,4,0,0,5,1,0,6,2,11,15,15,8,17,8
11120859,Eagles,0,1,4,4,0,1,30,0,30,10,24,2,5,25,19,22
11120845,Jaguars,0,1,4,4,0,1,28,0,24,30,18,21,21,9,25,12
11120849,Colts,0,1,4,4,0,1,29,0,27,27,14,4,9,27,26,29
11120856,Packers,0,1,4,3,0,1,26,0,17,23,20,29,26,3,15,3
11120866,Chiefs,0,1,4,3,0,2,21,0,23,16,25,5,17,23,28,28
11120864,Bengals,0,1,4,3,0,2,17,0,21,24,9,9,10,4,32,18
11122248,Rams,0,1,5,3,0,2,21,16,21,15,17,24,24,5,23,9
11122238,Bengals,0,1,5,3,0,3,18,17,9,24,6,12,6,2,28,16
11122249,Cardinals,0,1,5,6,0,0,31,31,32,32,31,21,32,28,32,32
11122223,Texans,0,1,5,3,0,2,23,23,22,27,22,32,30,14,13,13
11122227,Bills,0,1,5,5,0,1,30,27,29,20,7,10,5,30,17,27
11122235,Seahawks,0,1,5,3,0,3,15,13,17,9,9,17,11,23,4,20
11122221,Dolphins,0,1,5,3,0,3,17,11,20,11,5,27,13,18,31,25
11122229,Broncos,0,1,5,1,0,4,7,4,10,3,28,4,19,9,21,14
11122240,Lions,0,1,5,2,0,4,9,14,15,16,12,8,8,19,26,22
11122228,Raiders,0,1,5,1,0,5,4,2,4,2,3,16,2,27,14,24
11122234,49ers,0,1,5,2,0,4,8,8,2,14,25,9,20,15,18,17
11122225,Jets,0,1,5,3,0,2,22,22,31,1,1,28,3,26,25,28
11122239,Browns,0,1,5,3,0,3,20,25,6,30,27,14,27,6,27,15
11122243,Panthers,0,1,5,3,0,3,19,12,5,22,8,19,12,10,15,11
11122231,Bears,0,1,5,4,0,1,27,24,19,25,24,25,26,11,10,5
11122250,Chargers,0,1,5,3,0,3,14,19,14,23,15,13,17,24,3,21
11122222,Titans,0,1,5,1,0,5,2,6,3,4,2,11,1,20,16,19
11122245,Cowboys,0,1,5,1,0,5,3,5,28,7,14,6,7,32,11,31
11122232,Saints,0,1,5,1,0,5,1,1,13,12,13,15,14,8,20,10
11122246,Giants,0,1,5,2,0,3,10,10,11,6,10,20,15,4,2,1
11122236,Ravens,0,1,5,1,0,4,6,3,12,5,32,1,18,21,1,8
11122233,Eagles,0,1,5,4,0,1,29,30,30,8,29,3,16,16,6,12
11122241,Vikings,0,1,5,2,0,3,12,9,18,21,19,29,28,1,24,2
11122251,Jaguars,0,1,5,4,0,2,25,28,24,29,21,22,25,7,19,7
11122242,Falcons,0,1,5,2,0,3,11,15,8,18,11,23,21,12,9,6
11122224,Colts,0,1,5,4,0,2,26,29,25,19,18,2,4,29,22,29
11122226,Patriots,0,1,5,1,0,5,5,7,1,10,30,5,22,22,7,18
11122230,Packers,0,1,5,4,0,1,28,26,16,28,20,31,29,3,12,3
11122244,Buccaneers,0,1,5,3,0,3,16,20,7,17,23,18,23,17,30,23
11122247,Commanders,0,1,5,3,0,3,13,18,23,26,4,26,10,31,8,26
11122237,Steelers,0,1,5,5,0,0,32,32,26,31,26,30,31,13,5,4
11122252,Chiefs,0,1,5,4,0,2,24,21,27,13,16,7,9,25,29,30
11136879,Panthers,0,1,6,3,0,4,15,19,7,15,9,9,7,12,14,13
11136861,Titans,0,1,6,2,0,5,6,2,5,7,2,11,2,16,22,19
11136882,Commanders,0,1,6,4,0,3,19,13,23,26,7,27,14,28,13,27
11136884,Cardinals,0,1,6,7,0,0,31,31,32,32,31,21,31,30,31,31
11136883,Rams,0,1,6,4,0,3,21,21,19,10,8,15,8,17,21,21
11136886,Chiefs,0,1,6,4,0,2,25,24,28,13,26,8,23,11,26,22
11136874,Bengals,0,1,6,3,0,4,14,18,8,25,4,16,5,3,28,8
11136880,Buccaneers,0,1,6,3,0,4,17,16,10,17,23,17,22,14,30,26
11136867,Packers,0,1,6,4,0,2,24,28,24,23,11,25,21,2,15,3
11136889,Patriots,0,1,6,1,0,6,2,5,2,8,30,4,19,24,6,18
11136862,Colts,0,1,6,5,0,2,27,26,22,27,20,3,6,29,18,29
11136878,Falcons,0,1,6,2,0,4,8,11,3,24,19,28,27,4,3,2
11136885,Jaguars,0,1,6,4,0,3,20,25,17,29,21,26,28,5,24,6
11136877,Vikings,0,1,6,2,0,3,9,12,14,21,28,31,32,1,16,1
11136890,Eagles,0,1,6,5,0,1,30,29,30,9,27,5,16,23,11,17
11136872,Ravens,0,1,6,2,0,4,7,6,20,5,32,1,18,25,1,10
11136869,Saints,0,1,6,2,0,5,5,1,13,14,15,10,13,7,23,11
11136888,Giants,0,1,6,3,0,4,10,10,16,11,3,12,3,22,8,16
11136881,Cowboys,0,1,6,1,0,6,1,3,27,2,18,6,10,31,4,30
11136868,Bears,0,1,6,4,0,2,23,27,15,20,22,22,25,9,17,7
11136887,Chargers,0,1,6,3,0,4,11,14,11,28,12,20,17,26,5,20
11136875,Browns,0,1,6,4,0,3,22,20,9,30,24,18,24,8,20,9
11136863,Jets,0,1,6,5,0,2,28,22,31,6,1,24,1,32,32,32
11136870,49ers,0,1,6,3,0,4,13,8,1,18,29,13,29,6,12,4
11136865,Raiders,0,1,6,1,0,5,4,4,4,1,6,23,11,15,2,5
11136876,Lions,0,1,6,3,0,4,18,9,18,16,14,7,9,10,27,23
11136866,Broncos,0,1,6,1,0,6,3,7,6,3,16,2,4,20,25,24
11136860,Dolphins,0,1,6,3,0,4,12,17,12,12,5,30,15,21,29,28
11136871,Seahawks,0,1,6,3,0,4,16,15,21,4,10,14,12,27,10,25
11136891,Texans,0,1,6,4,0,2,26,23,26,22,13,32,26,13,19,15
11136873,Steelers,0,1,6,6,0,0,32,32,25,31,25,29,30,18,7,12
11136864,Bills,0,1,6,5,0,1,29,30,29,19,17,19,20,19,9,14
11149677,Commanders,0,1,7,4,0,4,19,19,14,26,3,29,10,30,10,26
11149666,Jets,0,1,7,5,0,3,25,28,31,3,1,24,1,31,32,32
11149693,Eagles,0,1,7,6,0,2,29,30,29,9,11,2,3,28,23,27
11149686,Ravens,0,1,7,2,0,5,5,7,13,2,30,3,17,22,1,12
11149689,Jaguars,0,1,7,4,0,3,20,20,17,29,28,30,31,1,17,2
11149682,Lions,0,1,7,3,0,4,13,18,18,12,22,9,18,5,22,10
11149688,Vikings,0,1,7,3,0,4,11,9,26,16,10,25,12,10,21,11
11149687,Titans,0,1,7,2,0,5,8,6,4,6,2,15,5,7,16,8
11149675,Buccaneers,0,1,7,4,0,4,14,17,9,18,23,13,23,15,28,22
11149667,Broncos,0,1,7,1,0,7,1,3,7,1,12,1,2,21,26,25
11149685,Panthers,0,1,7,3,0,4,10,15,5,11,18,14,15,6,8,4
11149683,Dolphins,0,1,7,4,0,4,16,12,15,17,8,31,19,23,31,28
11149668,Packers,0,1,7,5,0,2,27,24,24,25,14,28,22,4,24,7
11149684,Falcons,0,1,7,2,0,5,7,8,1,21,16,27,24,2,2,1
11149669,Bears,0,1,7,5,0,2,26,23,22,23,21,18,25,12,18,14
11149696,Texans,0,1,7,4,0,3,23,26,21,20,7,32,21,17,20,19
11149679,Cardinals,0,1,7,7,0,0,32,31,32,32,32,26,32,25,29,29
11149665,Colts,0,1,7,5,0,2,28,27,23,28,25,4,13,24,11,20
11149690,Chiefs,0,1,7,5,0,3,24,25,27,13,13,8,8,27,27,30
11149681,Raiders,0,1,7,2,0,5,6,4,6,7,5,20,9,19,6,18
11149671,49ers,0,1,7,4,0,4,17,13,3,24,27,10,26,18,12,17
11149680,Bills,0,1,7,5,0,1,30,29,30,22,24,23,28,11,4,5
11149673,Bengals,0,1,7,4,0,4,18,14,12,19,6,7,4,13,30,21
11149676,Cowboys,0,1,7,2,0,6,2,1,28,4,17,5,7,32,19,31
11149672,Seahawks,0,1,7,3,0,4,12,16,20,5,20,16,20,20,5,16
11149695,Patriots,0,1,7,1,0,6,3,2,2,8,31,6,27,14,3,6
11149692,Giants,0,1,7,4,0,4,15,10,16,15,4,12,6,26,13,23
11149694,Steelers,0,1,7,6,0,1,31,32,25,30,26,22,29,16,9,13
11149674,Browns,0,1,7,4,0,3,22,22,8,31,29,19,30,3,14,3
11149691,Chargers,0,1,7,3,0,5,9,11,11,27,9,21,11,29,7,24
11149670,Saints,0,1,7,2,0,6,4,5,10,14,19,11,14,9,25,15
11149678,Rams,0,1,7,4,0,3,21,21,19,10,15,17,16,8,15,9
11169652,Browns,0,1,8,5,0,3,25,22,13,31,29,22,30,7,18,7
11169663,Ravens,0,1,8,2,0,6,5,5,12,2,30,2,12,24,1,13
11169659,Raiders,0,1,8,2,0,6,7,6,8,8,4,23,8,25,10,18
11169648,Saints,0,1,8,2,0,6,6,4,9,14,25,15,25,2,17,3
11169653,Buccaneers,0,1,8,4,0,4,13,14,7,19,28,17,28,5,25,10
11169643,Colts,0,1,8,7,0,2,31,28,23,30,19,6,10,30,26,28
11169650,Seahawks,0,1,8,3,0,5,9,12,16,7,15,12,16,21,2,16
11169664,Titans,0,1,8,2,0,7,4,8,4,6,2,9,4,18,19,20
11169670,Eagles,0,1,8,6,0,2,30,29,30,9,16,4,7,19,16,19
11169651,Bengals,0,1,8,5,0,4,18,18,17,17,3,7,2,12,29,22
11169661,Falcons,0,1,8,3,0,5,8,7,3,28,17,25,24,3,8,2
11169666,Jaguars,0,1,8,5,0,3,24,20,19,27,24,29,29,4,13,5
11169654,Cowboys,0,1,8,2,0,7,2,2,24,3,14,5,5,32,21,29
11169667,Chiefs,0,1,8,5,0,3,22,24,22,13,20,11,19,17,23,21
11169674,Steelers,0,1,8,6,0,2,28,31,20,29,26,14,26,14,4,11
11169671,Dolphins,0,1,8,5,0,4,17,16,25,16,9,32,20,26,31,31
11169669,Giants,0,1,8,4,0,4,14,15,14,15,12,16,15,13,7,12
11169658,Bills,0,1,8,5,0,2,27,30,29,20,21,18,23,11,3,6
11169644,Jets,0,1,8,5,0,3,23,25,31,5,1,27,3,29,32,32
11169668,Chargers,0,1,8,4,0,5,11,9,11,25,6,19,9,28,9,24
11169647,Bears,0,1,8,5,0,3,21,26,27,18,18,20,22,23,20,23
11169660,Lions,0,1,8,3,0,5,10,13,10,12,22,8,18,9,15,8
11169646,Packers,0,1,8,6,0,2,29,27,26,26,13,28,21,6,24,9
11169655,Commanders,0,1,8,5,0,4,19,19,18,24,5,30,13,31,14,27
11169657,Cardinals,0,1,8,8,0,0,32,32,32,32,32,21,32,27,30,30
11169673,Texans,0,1,8,5,0,3,26,23,28,23,8,31,17,16,28,25
11169645,Broncos,0,1,8,1,0,8,3,1,6,1,11,1,1,22,27,26
11169662,Panthers,0,1,8,4,0,5,12,10,5,11,7,10,6,20,12,17
11169649,49ers,0,1,8,4,0,4,15,17,2,22,31,13,31,8,5,4
11169665,Vikings,0,1,8,4,0,4,16,11,21,21,10,26,14,10,22,14
11169656,Rams,0,1,8,4,0,3,20,21,15,10,23,24,27,1,11,1
11169672,Patriots,0,1,8,1,0,8,1,3,1,4,27,3,11,15,6,15
11190660,Dolphins,0,1,9,5,0,5,14,17,23,12,5,27,12,26,31,30
11190652,Lions,0,1,9,4,0,5,11,10,11,11,17,7,14,7,28,16
11190663,Bills,0,1,9,6,0,3,24,27,29,17,11,17,13,24,21,26
11190655,Vikings,0,1,9,4,0,4,17,16,21,20,16,31,23,2,15,3
11190656,Jaguars,0,1,9,5,0,4,22,24,16,21,26,29,30,10,13,8
11190637,Panthers,0,1,9,5,0,5,15,12,5,14,12,9,7,19,12,19
11190639,Broncos,0,1,9,1,0,9,1,3,7,1,10,1,1,25,26,27
11190646,Bengals,0,1,9,5,0,4,21,18,18,18,9,8,4,6,23,13
11190650,Commanders,0,1,9,5,0,5,12,19,20,22,6,19,9,32,20,29
11190647,Browns,0,1,9,6,0,3,26,25,19,31,29,20,29,13,18,15
11190648,Buccaneers,0,1,9,5,0,4,19,13,9,19,27,18,26,5,24,11
11190641,Saints,0,1,9,3,0,7,6,6,6,13,13,11,15,4,27,12
11190643,Jets,0,1,9,5,0,4,18,23,31,4,1,28,2,27,32,32
11190658,Chargers,0,1,9,5,0,5,13,11,10,26,7,22,10,23,7,20
11190657,Chiefs,0,1,9,6,0,3,25,22,26,16,21,10,20,18,22,23
11190640,Packers,0,1,9,6,0,2,29,29,24,28,20,32,28,1,19,1
11190644,49ers,0,1,9,5,0,4,20,15,2,27,30,14,31,9,4,5
11190662,Texans,0,1,9,6,0,3,28,26,28,24,4,30,17,15,29,21
11190664,Rams,0,1,9,4,0,4,16,20,13,10,23,23,25,3,9,4
11190665,Cardinals,0,1,9,9,0,0,32,32,32,32,32,21,32,30,30,31
11190661,Patriots,0,1,9,1,0,9,3,1,1,6,25,3,11,21,5,17
11190635,Bears,0,1,9,6,0,3,23,21,25,23,19,24,22,29,17,25
11190666,Steelers,0,1,9,6,0,3,27,28,17,29,28,16,27,16,3,10
11190653,Ravens,0,1,9,2,0,6,5,5,14,2,31,2,21,14,1,2
11190638,Giants,0,1,9,4,0,6,10,14,8,15,3,13,3,20,10,18
11190645,Seahawks,0,1,9,3,0,6,8,9,15,3,14,15,19,17,2,14
11190651,Raiders,0,1,9,3,0,6,7,7,12,8,2,25,5,22,16,22
11190649,Cowboys,0,1,9,2,0,7,2,2,22,5,22,5,16,28,14,24
11190642,Colts,0,1,9,8,0,2,31,31,27,30,15,6,8,31,25,28
11190654,Titans,0,1,9,2,0,7,4,4,4,7,8,12,6,11,11,9
11190659,Eagles,0,1,9,6,0,2,30,30,30,9,24,4,18,12,8,7
11190636,Falcons,0,1,9,3,0,6,9,8,3,25,18,26,24,8,6,6
11213884,Vikings,0,1,10,6,0,4,21,17,20,25,14,29,23,8,17,11
11213886,Chiefs,0,1,10,7,0,3,28,25,25,13,18,10,16,24,25,26
11213867,Bears,0,1,10,6,0,4,19,23,21,20,17,24,25,27,14,23
11213878,Cowboys,0,1,10,3,0,7,7,2,27,7,22,5,17,29,15,27
11213879,Commanders,0,1,10,5,0,6,15,12,18,23,8,18,9,32,16,28
11213897,Steelers,0,1,10,6,0,4,23,27,17,27,29,13,28,14,4,6
11213877,Buccaneers,0,1,10,5,0,5,16,19,9,19,26,21,29,7,24,13
11213893,Bills,0,1,10,7,0,3,27,24,28,16,10,17,11,26,19,24
11213892,Packers,0,1,10,7,0,3,26,29,13,29,12,25,18,4,18,5
11213891,Texans,0,1,10,7,0,3,29,28,29,26,3,32,13,15,29,25
11213890,Patriots,0,1,10,1,0,10,3,3,2,3,27,3,10,22,5,16
11213887,Chargers,0,1,10,5,0,6,13,13,11,24,4,22,6,21,12,20
11213895,Rams,0,1,10,5,0,5,17,16,15,12,15,19,22,12,23,19
11213875,Seahawks,0,1,10,4,0,6,9,8,16,5,16,14,20,20,1,14
11213872,Colts,0,1,10,8,0,2,31,31,26,30,23,7,21,19,20,22
11213896,Cardinals,0,1,10,10,0,0,32,32,32,32,32,28,32,31,30,31
11213868,Falcons,0,1,10,4,0,6,10,9,3,28,19,27,27,5,6,3
11213889,Dolphins,0,1,10,6,0,5,18,14,24,11,5,31,14,28,31,30
11213885,Jaguars,0,1,10,6,0,4,24,22,19,21,28,26,31,10,13,9
11213870,Broncos,0,1,10,1,0,10,1,1,8,1,9,1,1,30,27,29
11213894,Browns,0,1,10,7,0,3,25,26,23,31,30,15,30,9,26,17
11213883,Titans,0,1,10,2,0,8,4,4,5,4,6,12,3,11,7,7
11213881,Lions,0,1,10,4,0,5,11,11,12,10,25,11,24,2,22,4
11213888,Eagles,0,1,10,7,0,2,30,30,30,9,24,4,15,13,8,12
11213880,Raiders,0,1,10,3,0,7,6,7,10,6,2,23,4,23,11,21
11213876,Bengals,0,1,10,6,0,4,22,21,22,17,11,9,5,3,28,10
11213882,Ravens,0,1,10,2,0,8,5,5,14,2,31,2,12,17,3,8
11213874,49ers,0,1,10,5,0,6,12,20,1,18,21,6,19,6,2,2
11213873,Jets,0,1,10,6,0,4,20,18,31,8,1,30,2,25,32,32
11213871,Saints,0,1,10,3,0,7,2,6,7,14,20,16,26,1,21,1
11213869,Giants,0,1,10,4,0,7,8,10,4,22,7,20,8,18,10,18
11213898,Panthers,0,1,10,5,0,6,14,15,6,15,13,8,7,16,9,15
11236860,Cowboys,0,1,11,3,0,7,6,7,27,7,28,8,23,22,8,18
11236857,Jets,0,1,11,7,0,4,23,20,31,6,1,26,1,28,32,32
11236879,Browns,0,1,11,7,0,4,24,25,22,31,24,15,27,14,25,22
11236865,Commanders,0,1,11,5,0,6,14,15,16,23,9,24,18,30,10,26
11236873,Eagles,0,1,11,8,0,2,31,30,30,10,20,5,10,16,19,19
11236880,Rams,0,1,11,6,0,5,18,17,17,14,5,16,9,9,24,12
11236878,Bills,0,1,11,7,0,3,27,27,28,18,14,23,20,15,14,13
11236866,Seahawks,0,1,11,5,0,6,12,9,18,5,13,13,12,25,4,15
11236856,Saints,0,1,11,3,0,7,2,2,5,13,27,22,29,1,18,1
11236868,Bears,0,1,11,6,0,5,19,19,20,12,12,18,17,31,12,29
11236869,Buccaneers,0,1,11,5,0,6,13,16,9,17,29,17,30,20,26,23
11236881,Steelers,0,1,11,7,0,4,25,23,25,27,25,14,25,21,5,14
11236877,Packers,0,1,11,7,0,3,26,26,13,30,17,28,24,3,13,3
11236884,Cardinals,0,1,11,11,0,0,32,32,32,32,32,27,32,32,31,31
11236859,Bengals,0,1,11,6,0,4,22,22,21,19,15,12,13,2,23,5
11236853,Falcons,0,1,11,4,0,6,9,10,3,28,26,29,31,4,3,2
11236863,Ravens,0,1,11,2,0,9,4,5,15,2,30,1,5,24,6,17
11236872,Chargers,0,1,11,5,0,6,15,13,10,24,7,25,15,12,7,8
11236871,Chiefs,0,1,11,8,0,3,30,28,26,16,16,10,11,23,29,30
11236875,Patriots,0,1,11,1,0,10,3,3,2,3,31,3,19,13,1,7
11236861,Raiders,0,1,11,4,0,7,7,6,14,8,2,20,3,29,9,25
11236855,Broncos,0,1,11,1,0,10,1,1,8,1,10,2,2,26,22,27
11236870,Jaguars,0,1,11,6,0,5,20,24,11,15,23,19,26,10,15,9
11236862,Lions,0,1,11,4,0,7,8,11,12,9,18,4,6,7,27,11
11236876,Texans,0,1,11,7,0,3,28,29,29,26,6,32,21,8,28,16
11236864,Vikings,0,1,11,6,0,4,21,21,19,25,19,30,28,5,11,6
11236867,Colts,0,1,11,8,0,3,29,31,23,29,22,6,16,27,20,24
11236882,Panthers,0,1,11,6,0,6,16,14,4,20,11,9,8,19,16,20
11236854,Giants,0,1,11,5,0,7,10,8,7,22,4,21,7,17,21,21
11236883,Titans,0,1,11,2,0,9,5,4,6,4,3,11,4,11,17,10
11236858,49ers,0,1,11,5,0,7,11,12,1,21,21,7,14,6,2,4
11236874,Dolphins,0,1,11,6,0,5,17,18,24,11,8,31,22,18,30,28
11256906,Dolphins,0,1,12,7,0,5,21,17,25,11,7,32,21,21,28,27
11256888,Giants,0,1,12,5,0,8,10,10,6,24,4,24,11,20,23,23
11256887,Falcons,0,1,12,4,0,8,7,9,3,19,18,18,25,8,9,5
11256896,Lions,0,1,12,4,0,8,9,8,7,9,22,5,13,2,22,4
11256895,Raiders,0,1,12,4,0,8,6,7,8,5,2,19,4,26,8,21
11256905,Eagles,0,1,12,9,0,2,31,31,30,10,19,6,14,14,16,18
11256904,Chargers,0,1,12,6,0,6,16,15,13,28,12,29,22,13,7,6
11256885,Bears,0,1,12,6,0,5,17,19,20,15,21,27,29,23,4,12
11256900,Colts,0,1,12,8,0,3,28,29,21,29,31,12,28,11,11,7
11256886,Seahawks,0,1,12,5,0,7,11,12,18,4,10,9,7,22,6,13
11256907,Patriots,0,1,12,3,0,10,5,3,2,6,25,3,5,28,2,20
11256914,Panthers,0,1,12,6,0,7,14,16,4,18,15,8,9,17,10,11
11256897,Ravens,0,1,12,2,0,10,3,4,12,3,30,1,8,19,5,8
11256915,Titans,0,1,12,2,0,10,4,5,10,2,3,11,3,15,13,16
11256908,Texans,0,1,12,7,0,4,25,28,29,23,8,31,19,6,26,15
11256913,Steelers,0,1,12,7,0,5,23,25,19,27,24,15,26,25,3,10
11256891,Jets,0,1,12,8,0,4,26,23,31,7,1,30,1,29,32,32
11256899,Commanders,0,1,12,6,0,6,15,14,16,25,11,25,18,27,12,26
11256901,Buccaneers,0,1,12,5,0,7,12,13,5,14,27,23,30,10,25,22
11256890,Saints,0,1,12,4,0,8,8,2,9,16,20,14,23,1,17,2
11256894,Cowboys,0,1,12,4,0,8,2,6,28,8,28,4,15,31,18,30
11256909,Packers,0,1,12,9,0,3,29,26,14,31,17,17,24,3,15,3
11256892,49ers,0,1,12,6,0,7,13,11,1,22,26,7,17,4,1,1
11256912,Rams,0,1,12,7,0,5,18,18,17,17,9,22,16,7,24,14
11256903,Chiefs,0,1,12,8,0,4,27,30,27,13,16,10,10,16,31,28
11256893,Bengals,0,1,12,7,0,5,20,22,24,21,5,13,6,5,27,9
11256916,Cardinals,0,1,12,12,0,0,32,32,32,32,32,26,32,32,30,31
11256902,Jaguars,0,1,12,7,0,5,24,20,22,12,23,20,27,18,14,19
11256911,Browns,0,1,12,7,0,5,22,24,15,30,29,21,31,9,20,17
11256898,Vikings,0,1,12,7,0,5,19,21,23,26,13,28,20,12,29,25
11256889,Broncos,0,1,12,1,0,11,1,1,11,1,14,2,2,24,19,24
11256910,Bills,0,1,12,9,0,3,30,27,26,20,6,16,12,30,21,29
11274939,Seahawks,0,1,13,5,0,7,12,11,20,3,11,10,11,16,3,8
11274967,Rams,0,1,13,7,0,5,23,18,19,17,10,24,20,5,20,9
11274962,Packers,0,1,13,9,0,3,28,29,13,30,24,21,29,1,12,2
11274953,Buccaneers,0,1,13,5,0,8,7,12,5,14,27,17,26,17,27,25
11274952,Colts,0,1,13,10,0,3,30,28,16,31,25,7,13,26,25,27
11274966,Steelers,0,1,13,7,0,6,19,23,21,27,22,14,21,20,9,15
11274960,Patriots,0,1,13,3,0,10,5,5,2,5,28,3,9,22,2,13
11274940,Falcons,0,1,13,4,0,8,6,7,3,19,26,22,30,7,5,3
11274954,Jaguars,0,1,13,7,0,6,20,24,18,12,23,16,22,23,14,23
11274969,Cardinals,0,1,13,12,0,0,32,32,32,32,32,29,32,31,29,31
11274950,Vikings,0,1,13,7,0,5,21,19,24,25,17,31,27,10,26,17
11274963,Bills,0,1,13,9,0,3,29,30,27,20,9,20,19,25,15,24
11274958,Eagles,0,1,13,10,0,2,31,31,30,10,12,6,8,18,21,22
11274949,Ravens,0,1,13,3,0,10,4,3,11,4,30,2,5,21,8,16
11274943,Saints,0,1,13,5,0,8,8,8,7,16,14,13,17,2,19,5
11274941,Giants,0,1,13,5,0,8,9,10,6,23,7,27,18,15,16,14
11274938,Bears,0,1,13,6,0,6,17,17,22,15,16,18,23,24,6,19
11274956,Cowboys,0,1,13,5,0,8,11,2,29,6,21,5,7,32,24,30
11274964,Browns,0,1,13,7,0,5,24,22,15,29,31,23,31,8,13,11
11274946,Bengals,0,1,13,7,0,5,22,20,25,21,8,15,10,4,23,6
11274965,Panthers,0,1,13,6,0,7,14,14,4,18,18,9,15,14,7,7
11274945,49ers,0,1,13,6,0,7,13,13,1,22,29,8,24,3,1,1
11274944,Jets,0,1,13,9,0,4,27,26,31,9,1,25,1,30,32,32
11274968,Titans,0,1,13,2,0,10,3,4,8,2,3,12,4,12,11,10
11274947,Raiders,0,1,13,5,0,8,10,6,14,7,2,19,3,28,22,28
11274948,Lions,0,1,13,4,0,9,2,9,10,8,19,4,6,6,18,12
11274957,Chargers,0,1,13,6,0,6,16,16,12,28,15,32,28,11,4,4
11274942,Broncos,0,1,13,1,0,12,1,1,9,1,6,1,2,29,17,26
11274959,Dolphins,0,1,13,7,0,6,18,21,26,11,4,26,12,27,28,29
11274961,Texans,0,1,13,7,0,5,25,25,23,26,5,30,14,9,30,20
11274951,Commanders,0,1,13,6,0,6,15,15,17,24,13,28,25,19,10,18
11274955,Chiefs,0,1,13,8,0,4,26,27,28,13,20,11,16,13,31,21
11303155,Jaguars,0,1,14,7,0,7,20,20,14,10,24,10,20,24,16,21
11303163,Lions,0,1,14,4,0,10,2,2,10,8,17,6,6,4,20,7
11303157,Cowboys,0,1,14,6,0,8,10,11,29,6,26,3,7,32,23,31
11303146,Jets,0,1,14,10,0,4,27,27,31,9,1,24,1,30,32,32
11303151,Vikings,0,1,14,8,0,6,23,21,26,22,9,27,16,14,31,29
11303147,49ers,0,1,14,7,0,7,17,13,1,21,27,15,26,2,2,1
11303169,Rams,0,1,14,9,0,5,25,23,22,18,11,20,14,11,26,19
11303165,Bills,0,1,14,10,0,3,30,29,28,24,13,25,23,28,22,26
11303148,Bengals,0,1,14,7,0,7,16,22,13,15,4,9,4,5,21,8
11303145,Saints,0,1,14,5,0,9,7,8,7,17,19,13,19,3,18,5
11303170,Titans,0,1,14,2,0,12,3,3,8,2,2,14,3,21,9,15
11303160,Dolphins,0,1,14,7,0,7,15,18,24,12,7,29,15,26,24,28
11303141,Seahawks,0,1,14,6,0,8,11,12,17,3,5,8,5,16,17,18
11303167,Panthers,0,1,14,7,0,7,19,14,4,19,18,11,17,7,7,6
11303152,Commanders,0,1,14,7,0,7,14,15,21,20,8,21,12,31,5,25
11303158,Chargers,0,1,14,6,0,7,13,16,11,28,14,31,27,8,3,4
11303154,Buccaneers,0,1,14,5,0,9,6,7,5,14,28,16,29,13,25,20
11303153,Colts,0,1,14,10,0,4,28,30,20,29,23,4,9,25,28,27
11303161,Patriots,0,1,14,3,0,10,4,5,2,5,31,5,24,10,1,3
11303164,Packers,0,1,14,10,0,3,29,28,12,31,25,26,30,1,10,2
11303149,Raiders,0,1,14,5,0,8,9,10,15,7,3,30,8,19,13,17
11303156,Chiefs,0,1,14,9,0,4,26,26,27,13,22,12,22,9,30,23
11303162,Texans,0,1,14,7,0,6,21,25,25,25,6,23,13,6,29,12
11303159,Eagles,0,1,14,11,0,2,31,31,30,11,16,7,10,23,19,22
11303168,Steelers,0,1,14,8,0,6,24,19,23,26,20,18,25,22,4,11
11303171,Cardinals,0,1,14,12,0,1,32,32,32,32,32,28,32,29,27,30
11303140,Bears,0,1,14,7,0,7,18,17,18,16,12,19,18,27,11,24
11303142,Falcons,0,1,14,6,0,8,12,6,3,27,21,22,28,15,15,16
11303143,Giants,0,1,14,5,0,9,8,9,6,23,10,32,21,12,14,9
11303150,Ravens,0,1,14,4,0,10,5,4,16,4,30,2,11,17,6,10
11303144,Broncos,0,1,14,1,0,12,1,1,9,1,15,1,2,20,8,13
11303166,Browns,0,1,14,8,0,6,22,24,19,30,29,17,31,18,12,14
11323085,Broncos,0,1,15,1,0,14,1,1,5,1,5,1,1,28,18,25
11323108,Panthers,0,1,15,8,0,7,20,19,4,19,22,12,22,6,7,4
11323094,Colts,0,1,15,11,0,4,27,28,19,29,25,4,7,25,24,26
11323102,Patriots,0,1,15,4,0,11,5,4,2,4,27,6,14,27,1,12
11323082,Seahawks,0,1,15,6,0,9,10,11,23,3,6,7,4,22,11,20
11323103,Texans,0,1,15,7,0,7,19,21,17,23,4,23,10,4,28,9
11323107,Browns,0,1,15,8,0,6,22,22,18,30,31,20,31,8,5,5
11323084,Giants,0,1,15,5,0,10,7,8,7,25,11,26,20,11,9,7
11323111,Titans,0,1,15,2,0,13,3,3,9,2,2,10,3,19,6,13
11323098,Cowboys,0,1,15,6,0,9,11,10,29,6,24,3,6,31,22,29
11323088,49ers,0,1,15,7,0,8,15,17,1,22,23,15,27,2,2,1
11323086,Saints,0,1,15,5,0,9,8,7,8,16,28,16,29,1,13,2
11323087,Jets,0,1,15,10,0,4,26,27,31,9,1,31,2,18,32,31
11323097,Chiefs,0,1,15,11,0,4,28,26,26,18,17,9,13,23,30,30
11323091,Ravens,0,1,15,4,0,11,4,5,16,7,30,2,12,16,4,10
11323081,Bears,0,1,15,7,0,8,13,18,12,15,13,18,16,30,8,24
11323104,Lions,0,1,15,4,0,11,2,2,10,5,20,5,5,5,25,6
11323089,Bengals,0,1,15,7,0,7,18,16,13,14,12,13,9,3,14,3
11323099,Chargers,0,1,15,7,0,8,14,13,14,28,10,24,17,14,17,14
11323112,Cardinals,0,1,15,14,0,1,32,32,32,32,32,25,32,32,29,32
11323105,Packers,0,1,15,12,0,3,30,29,21,31,14,21,21,7,20,8
11323090,Raiders,0,1,15,5,0,9,9,9,11,8,3,29,8,17,10,16
11323106,Bills,0,1,15,11,0,3,29,30,28,26,9,27,18,29,23,27
11323100,Eagles,0,1,15,12,0,2,31,31,30,12,18,8,11,21,21,23
11323092,Vikings,0,1,15,9,0,6,23,23,27,27,8,30,19,13,31,28
11323093,Commanders,0,1,15,7,0,7,16,14,20,21,16,28,26,26,3,15
11323110,Rams,0,1,15,10,0,5,25,25,22,17,7,22,15,10,27,21
11323095,Buccaneers,0,1,15,5,0,10,6,6,6,13,29,17,30,9,26,17
11323101,Dolphins,0,1,15,7,0,7,17,15,24,10,15,32,28,15,19,19
11323083,Falcons,0,1,15,6,0,9,12,12,3,20,19,19,24,12,15,11
11323109,Steelers,0,1,15,9,0,6,24,24,25,24,21,14,23,20,12,18
11323096,Jaguars,0,1,15,8,0,7,21,20,15,11,26,11,25,24,16,22
11369419,Texans,0,1,16,8,0,7,19,19,20,23,5,24,11,2,28,7
11369414,Browns,0,1,16,9,0,7,22,22,15,30,30,21,31,14,15,14
11369396,Bears,0,1,16,8,0,8,17,13,14,18,13,19,18,26,12,23
11369412,Dolphins,0,1,16,9,0,7,20,17,26,10,7,26,16,27,22,26
11369423,Bengals,0,1,16,7,0,9,13,18,11,11,4,10,4,4,17,4
11369417,Seahawks,0,1,16,6,0,10,10,10,19,4,6,7,5,20,11,18
11369404,Patriots,0,1,16,4,0,12,5,5,2,3,27,6,10,28,1,16
11369405,Raiders,0,1,16,5,0,11,7,9,12,8,2,25,6,31,20,29
11369424,Colts,0,1,16,12,0,4,28,27,21,29,28,5,9,22,25,24
11369402,Cowboys,0,1,16,7,0,9,12,11,29,7,26,3,8,29,26,28
11369407,Falcons,0,1,16,7,0,9,14,12,3,25,19,22,26,9,13,8
11369406,Lions,0,1,16,4,0,12,2,2,8,6,20,4,7,5,21,9
11369409,Steelers,0,1,16,10,0,6,25,24,24,24,23,14,25,16,6,12
11369399,Saints,0,1,16,6,0,10,8,8,9,12,21,11,20,3,23,6
11369425,Jaguars,0,1,16,8,0,8,18,21,17,13,25,12,24,19,14,19
11369401,Buccaneers,0,1,16,5,0,11,6,6,5,15,29,17,30,10,24,13
11369420,Cardinals,0,1,16,15,0,1,32,32,32,32,32,28,32,32,29,31
11369422,Packers,0,1,16,13,0,3,30,30,23,31,18,30,29,7,19,10
11369400,49ers,0,1,16,7,0,9,11,15,1,22,24,16,27,1,3,1
11369410,Broncos,0,1,16,1,0,15,1,1,4,1,8,1,2,24,8,20
11369403,Jets,0,1,16,12,0,4,27,26,31,9,1,29,1,25,32,32
11369398,Eagles,0,1,16,13,0,2,31,31,30,14,17,9,13,17,18,21
11369397,Commanders,0,1,16,7,0,9,15,16,22,16,12,18,14,30,10,25
11369411,Bills,0,1,16,11,0,4,26,29,28,26,9,27,19,23,16,22
11369415,Titans,0,1,16,2,0,14,3,3,10,2,3,8,3,18,9,17
11369395,Vikings,0,1,16,10,0,6,24,23,27,27,11,32,23,12,31,27
11369408,Giants,0,1,16,6,0,10,9,7,6,21,10,20,15,15,7,11
11369418,Rams,0,1,16,10,0,6,23,25,18,19,14,23,21,11,27,15
11369394,Ravens,0,1,16,4,0,12,4,4,13,5,31,2,12,13,2,3
11369413,Panthers,0,1,16,9,0,7,21,20,7,20,22,13,22,8,5,5
11369416,Chiefs,0,1,16,12,0,4,29,28,25,17,15,15,17,21,30,30
11369421,Chargers,0,1,16,7,0,8,16,14,16,28,16,31,28,6,4,2
11436957,49ers,0,1,17,7,0,9,13,11,1,23,27,17,29,1,1,1
11436963,Lions,0,1,17,4,0,12,2,2,8,5,24,5,14,2,17,3
11436967,Broncos,0,1,17,1,0,16,1,1,4,1,9,1,2,29,10,24
11436968,Bills,0,1,17,11,0,6,26,26,24,18,6,15,5,30,23,30
11436959,Cowboys,0,1,17,7,0,10,11,12,29,6,23,3,6,28,24,28
11436975,Cardinals,0,1,17,15,0,1,32,32,32,32,32,31,32,32,29,31
11436980,Bengals,0,1,17,7,0,10,12,13,10,9,5,12,4,5,22,4
11436962,Raiders,0,1,17,5,0,11,7,7,11,8,3,30,8,26,16,25
11436982,Jaguars,0,1,17,9,0,8,18,18,21,11,21,13,23,24,14,22
11436974,Texans,0,1,17,9,0,7,20,19,23,25,4,27,10,8,26,11
11436970,Panthers,0,1,17,9,0,7,19,21,6,21,25,14,27,4,3,2
11436953,Commanders,0,1,17,7,0,9,14,15,20,16,13,21,21,22,5,19
11436973,Rams,0,1,17,10,0,6,25,23,16,20,16,26,26,7,21,7
11436952,Vikings,0,1,17,10,0,7,23,24,26,24,8,32,16,10,31,27
11436958,Buccaneers,0,1,17,5,0,11,6,6,5,14,31,19,31,6,18,5
11436972,Seahawks,0,1,17,6,0,10,9,10,17,4,11,10,7,12,6,9
11436964,Falcons,0,1,17,8,0,9,16,14,3,27,17,18,22,9,15,8
11436969,Dolphins,0,1,17,10,0,7,21,20,28,12,7,25,9,25,28,29
11436966,Steelers,0,1,17,10,0,7,24,25,22,26,22,9,20,19,9,15
11436954,Eagles,0,1,17,14,0,2,31,31,30,15,14,7,12,21,25,23
11436965,Giants,0,1,17,7,0,10,10,9,7,22,12,23,17,16,13,13
11436976,Chargers,0,1,17,8,0,9,15,16,15,28,10,24,15,20,11,17
11436956,Saints,0,1,17,6,0,11,8,8,9,13,18,11,18,3,27,10
11436955,Bears,0,1,17,8,0,8,17,17,14,19,15,22,25,18,8,12
11436961,Patriots,0,1,17,4,0,13,4,5,2,3,26,4,11,31,2,21
11436960,Jets,0,1,17,13,0,4,29,27,31,10,1,29,1,27,32,32
11436978,Browns,0,1,17,10,0,7,22,22,18,30,29,20,30,17,12,14
11436981,Colts,0,1,17,12,0,4,27,28,19,29,28,6,19,15,20,18
11436977,Titans,0,1,17,2,0,15,3,3,13,2,2,8,3,23,7,20
11436971,Chiefs,0,1,17,12,0,4,28,29,27,17,20,16,24,14,30,26
11436951,Ravens,0,1,17,5,0,12,5,4,12,7,30,2,13,11,4,6
11436979,Packers,0,1,17,14,0,3,30,30,25,31,19,28,28,13,19,16
11469961,Falcons,0,1,18,8,0,9,15,16,3,26,18,20,25,6,14,5
11469975,Browns,0,1,18,10,0,7,23,22,18,30,30,23,31,14,10,10
11469952,Bears,0,1,18,9,0,8,17,17,14,19,15,21,19,24,16,21
11469962,Giants,0,1,18,7,0,10,10,10,7,21,14,25,21,13,11,9
11469967,Panthers,0,1,18,10,0,7,21,19,6,25,24,14,26,5,13,4
11469973,Chargers,0,1,18,8,0,9,14,15,15,27,11,26,18,16,8,13
11469954,49ers,0,1,18,8,0,9,16,13,1,28,22,18,28,1,1,1
11469953,Saints,0,1,18,6,0,11,7,8,9,13,20,11,22,2,25,7
11469957,Jets,0,1,18,13,0,4,28,29,31,10,1,31,1,23,32,32
11469965,Bills,0,1,18,11,0,6,26,26,24,18,7,19,10,28,18,27
11469948,Ravens,0,1,18,5,0,12,6,5,11,6,31,2,17,9,3,3
11469960,Lions,0,1,18,4,0,13,2,2,8,7,19,4,7,4,21,6
11469963,Steelers,0,1,18,10,0,7,25,24,22,24,25,10,24,15,5,11
11469976,Packers,0,1,18,14,0,3,30,30,25,31,21,30,30,11,15,12
11469959,Raiders,0,1,18,6,0,11,9,7,16,8,2,28,9,31,22,29
11469949,Vikings,0,1,18,10,0,7,24,23,26,22,9,32,20,7,31,22
11469966,Dolphins,0,1,18,10,0,7,20,21,28,12,8,27,14,22,26,26
11469951,Eagles,0,1,18,15,0,2,31,31,30,16,12,7,6,27,27,30
11469970,Rams,0,1,18,10,0,7,22,25,17,20,16,22,23,12,23,15
11469964,Broncos,0,1,18,1,0,16,1,1,4,1,10,1,2,26,6,19
11469971,Texans,0,1,18,9,0,8,19,20,23,23,3,24,8,10,28,20
11469979,Jaguars,0,1,18,9,0,8,18,18,21,11,23,16,27,20,12,18
11469958,Patriots,0,1,18,4,0,13,4,4,2,4,28,5,15,29,2,17
11469969,Seahawks,0,1,18,6,0,11,8,9,12,3,5,9,4,21,7,16
11469978,Colts,0,1,18,13,0,4,29,27,19,29,26,6,12,17,24,23
11469955,Buccaneers,0,1,18,5,0,12,5,6,5,15,29,15,29,8,19,8
11469977,Bengals,0,1,18,7,0,10,12,12,10,9,6,12,5,3,17,2
11469950,Commanders,0,1,18,7,0,10,13,14,20,14,13,17,13,30,9,25
11469968,Chiefs,0,1,18,12,0,5,27,28,27,17,17,13,16,18,29,28
11469974,Titans,0,1,18,2,0,15,3,3,13,2,4,8,3,19,4,14
11469972,Cardinals,0,1,18,16,0,1,32,32,32,32,32,29,32,32,30,31
11469956,Cowboys,0,1,18,7,0,10,11,11,29,5,27,3,11,25,20,24
11513438,Cardinals,0,1,19,16,0,1,32,32,32,32,32,29,32,32,30,31
11513441,Browns,0,1,19,10,0,7,23,23,18,30,30,23,31,14,10,10
11513443,Bengals,0,1,19,7,0,10,12,12,10,9,6,12,5,3,17,2
11513428,Falcons,0,1,19,8,0,9,15,15,3,26,18,20,25,6,14,5
11513430,Broncos,0,1,19,1,0,16,1,1,4,1,10,1,2,26,6,19
11513416,Eagles,0,1,19,15,0,2,31,31,30,16,12,7,6,27,27,30
11513436,Rams,0,1,19,10,0,7,22,22,17,20,16,22,23,12,23,15
11513432,Dolphins,0,1,19,10,0,7,20,20,28,12,8,27,14,22,26,26
11513414,Vikings,0,1,19,10,0,7,24,24,26,22,9,32,20,7,31,22
11513442,Packers,0,1,19,14,0,3,30,30,25,31,21,30,30,11,15,12
11513422,Cowboys,0,1,19,7,0,10,11,11,29,5,27,3,11,25,20,24
11513415,Commanders,0,1,19,7,0,10,13,13,20,14,13,17,13,30,9,25
11513431,Bills,0,1,19,11,0,6,26,26,24,18,7,19,10,28,18,27
11513425,Raiders,0,1,19,6,0,11,9,9,16,8,2,28,9,31,22,29
11513419,Saints,0,1,19,6,0,11,7,7,9,13,20,11,22,2,25,7
11513434,Chiefs,0,1,19,12,0,5,27,27,27,17,17,13,16,18,29,28
11513427,Giants,0,1,19,7,0,10,10,10,7,21,14,25,21,13,11,9
11513439,Chargers,0,1,19,8,0,9,14,14,15,27,11,26,18,16,8,13
11513418,Bears,0,1,19,9,0,8,17,17,14,19,15,21,19,24,16,21
11513429,Steelers,0,1,19,10,0,7,25,25,22,24,25,10,24,15,5,11
11513426,Lions,0,1,19,4,0,13,2,2,8,7,19,4,7,4,21,6
11513417,Ravens,0,1,19,5,0,12,6,6,11,6,31,2,17,9,3,3
11513423,Jets,0,1,19,13,0,4,28,28,31,10,1,31,1,23,32,32
11513420,49ers,0,1,19,8,0,9,16,16,1,28,22,18,28,1,1,1
11513435,Seahawks,0,1,19,6,0,11,8,8,12,3,5,9,4,21,7,16
11513424,Patriots,0,1,19,4,0,13,4,4,2,4,28,5,15,29,2,17
11513445,Jaguars,0,1,19,9,0,8,18,18,21,11,23,16,27,20,12,18
11513437,Texans,0,1,19,9,0,8,19,19,23,23,3,24,8,10,28,20
11513440,Titans,0,1,19,2,0,15,3,3,13,2,4,8,3,19,4,14
11513444,Colts,0,1,19,13,0,4,29,29,19,29,26,6,12,17,24,23
11513421,Buccaneers,0,1,19,5,0,12,5,5,5,15,29,15,29,8,19,8
11513433,Panthers,0,1,19,10,0,7,21,21,6,25,24,14,26,5,13,4
11535423,Steelers,0,1,20,10,0,7,25,25,22,24,25,10,24,15,5,11
11535425,Bills,0,1,20,11,0,6,26,26,24,18,7,19,10,28,18,27
11535409,Commanders,0,1,20,7,0,10,13,13,20,14,13,17,13,30,9,25
11535430,Rams,0,1,20,10,0,7,22,22,17,20,16,22,23,12,23,15
11535415,Buccaneers,0,1,20,5,0,12,5,5,5,15,29,15,29,8,19,8
11535418,Patriots,0,1,20,4,0,13,4,4,2,4,28,5,15,29,2,17
11535422,Falcons,0,1,20,8,0,9,15,15,3,26,18,20,25,6,14,5
11535408,Vikings,0,1,20,10,0,7,24,24,26,22,9,32,20,7,31,22
11535411,Ravens,0,1,20,5,0,12,6,6,11,6,31,2,17,9,3,3
11535421,Giants,0,1,20,7,0,10,10,10,7,21,14,25,21,13,11,9
11535416,Cowboys,0,1,20,7,0,10,11,11,29,5,27,3,11,25,20,24
11535427,Panthers,0,1,20,10,0,7,21,21,6,25,24,14,26,5,13,4
11535417,Jets,0,1,20,13,0,4,28,28,31,10,1,31,1,23,32,32
11535419,Raiders,0,1,20,6,0,11,9,9,16,8,2,28,9,31,22,29
11535424,Broncos,0,1,20,1,0,16,1,1,4,1,10,1,2,26,6,19
11535429,Seahawks,0,1,20,6,0,11,8,8,12,3,5,9,4,21,7,16
11535433,Chargers,0,1,20,8,0,9,14,14,15,27,11,26,18,16,8,13
11535437,Bengals,0,1,20,7,0,10,12,12,10,9,6,12,5,3,17,2
11535434,Titans,0,1,20,2,0,15,3,3,13,2,4,8,3,19,4,14
11535431,Texans,0,1,20,9,0,8,19,19,23,23,3,24,8,10,28,20
11535426,Dolphins,0,1,20,10,0,7,20,20,28,12,8,27,14,22,26,26
11535420,Lions,0,1,20,4,0,13,2,2,8,7,19,4,7,4,21,6
11535414,49ers,0,1,20,8,0,9,16,16,1,28,22,18,28,1,1,1
11535435,Browns,0,1,20,10,0,7,23,23,18,30,30,23,31,14,10,10
11535412,Bears,0,1,20,9,0,8,17,17,14,19,15,21,19,24,16,21
11535413,Saints,0,1,20,6,0,11,7,7,9,13,20,11,22,2,25,7
11535410,Eagles,0,1,20,15,0,2,31,31,30,16,12,7,6,27,27,30
11535439,Jaguars,0,1,20,9,0,8,18,18,21,11,23,16,27,20,12,18
11535438,Colts,0,1,20,13,0,4,29,29,19,29,26,6,12,17,24,23
11535436,Packers,0,1,20,14,0,3,30,30,25,31,21,30,30,11,15,12
11535428,Chiefs,0,1,20,12,0,5,27,27,27,17,17,13,16,18,29,28
11535432,Cardinals,0,1,20,16,0,1,32,32,32,32,32,29,32,32,30,31
11559777,Rams,0,1,21,10,0,7,22,22,17,20,16,22,23,12,23,15
11559770,Jets,0,1,21,13,0,4,28,28,31,10,1,31,1,23,32,32
11559772,Lions,0,1,21,4,0,13,2,2,8,7,19,4,7,4,21,6
11559787,Patriots,0,1,21,4,0,13,4,4,2,4,28,5,15,29,2,17
11559779,Cardinals,0,1,21,16,0,1,32,32,32,32,32,29,32,32,30,31
11559766,Eagles,0,1,21,15,0,2,31,31,30,16,12,7,6,27,27,30
11559769,Buccaneers,0,1,21,5,0,12,5,5,5,15,29,15,29,8,19,8
11559765,Vikings,0,1,21,10,0,7,24,24,26,22,9,32,20,7,31,22
11559782,Colts,0,1,21,13,0,4,29,29,19,29,26,6,12,17,24,23
11559785,Bengals,0,1,21,7,0,10,12,12,10,9,6,12,5,3,17,2
11559790,Packers,0,1,21,14,0,3,30,30,25,31,21,30,30,11,15,12
11559791,Saints,0,1,21,6,0,11,7,7,9,13,20,11,22,2,25,7
11559767,Ravens,0,1,21,5,0,12,6,6,11,6,31,2,17,9,3,3
11559783,Jaguars,0,1,21,9,0,8,18,18,21,11,23,16,27,20,12,18
11559776,Seahawks,0,1,21,6,0,11,8,8,12,3,5,9,4,21,7,16
11559780,Chargers,0,1,21,8,0,9,14,14,15,27,11,26,18,16,8,13
11559778,Texans,0,1,21,9,0,8,19,19,23,23,3,24,8,10,28,20
11559793,Falcons,0,1,21,8,0,9,15,15,3,26,18,20,25,6,14,5
11559794,Giants,0,1,21,7,0,10,10,10,7,21,14,25,21,13,11,9
11559788,Bills,0,1,21,11,0,6,26,26,24,18,7,19,10,28,18,27
11559768,Bears,0,1,21,9,0,8,17,17,14,19,15,21,19,24,16,21
11559781,Titans,0,1,21,2,0,15,3,3,13,2,4,8,3,19,4,14
11559774,Broncos,0,1,21,1,0,16,1,1,4,1,10,1,2,26,6,19
11559792,Cowboys,0,1,21,7,0,10,11,11,29,5,27,3,11,25,20,24
11559775,Dolphins,0,1,21,10,0,7,20,20,28,12,8,27,14,22,26,26
11559786,Browns,0,1,21,10,0,7,23,23,18,30,30,23,31,14,10,10
11559773,Steelers,0,1,21,10,0,7,25,25,22,24,25,10,24,15,5,11
11559784,Panthers,0,1,21,10,0,7,21,21,6,25,24,14,26,5,13,4
11559795,Commanders,0,1,21,7,0,10,13,13,20,14,13,17,13,30,9,25
11559789,Chiefs,0,1,21,12,0,5,27,27,27,17,17,13,16,18,29,28
11559796,49ers,0,1,21,8,0,9,16,16,1,28,22,18,28,1,1,1
11559771,Raiders,0,1,21,6,0,11,9,9,16,8,2,28,9,31,22,29
11562996,Saints,0,1,22,6,0,11,7,7,9,13,20,11,22,2,25,7
11562985,Chargers,0,1,22,8,0,9,14,14,15,27,11,26,18,16,8,13
11562972,Ravens,0,1,22,5,0,12,6,6,11,6,31,2,17,9,3,3
11562981,Seahawks,0,1,22,6,0,11,8,8,12,3,5,9,4,21,7,16
11562991,Browns,0,1,22,10,0,7,23,23,18,30,30,23,31,14,10,10
11563001,49ers,0,1,22,8,0,9,16,16,1,28,22,18,28,1,1,1
11562983,Texans,0,1,22,9,0,8,19,19,23,23,3,24,8,10,28,20
11562976,Raiders,0,1,22,6,0,11,9,9,16,8,2,28,9,31,22,29
11562989,Panthers,0,1,22,10,0,7,21,21,6,25,24,14,26,5,13,4
11562986,Titans,0,1,22,2,0,15,3,3,13,2,4,8,3,19,4,14
11562973,Bears,0,1,22,9,0,8,17,17,14,19,15,21,19,24,16,21
11562993,Bills,0,1,22,11,0,6,26,26,24,18,7,19,10,28,18,27
11562990,Bengals,0,1,22,7,0,10,12,12,10,9,6,12,5,3,17,2
11562998,Falcons,0,1,22,8,0,9,15,15,3,26,18,20,25,6,14,5
11562999,Giants,0,1,22,7,0,10,10,10,7,21,14,25,21,13,11,9
11562982,Rams,0,1,22,10,0,7,22,22,17,20,16,22,23,12,23,15
11562994,Chiefs,0,1,22,12,0,5,27,27,27,17,17,13,16,18,29,28
11562975,Jets,0,1,22,13,0,4,28,28,31,10,1,31,1,23,32,32
11562979,Broncos,0,1,22,1,0,16,1,1,4,1,10,1,2,26,6,19
11562977,Lions,0,1,22,4,0,13,2,2,8,7,19,4,7,4,21,6
11562974,Buccaneers,0,1,22,5,0,12,5,5,5,15,29,15,29,8,19,8
11562971,Eagles,0,1,22,15,0,2,31,31,30,16,12,7,6,27,27,30
11562992,Patriots,0,1,22,4,0,13,4,4,2,4,28,5,15,29,2,17
11562988,Jaguars,0,1,22,9,0,8,18,18,21,11,23,16,27,20,12,18
11562987,Colts,0,1,22,13,0,4,29,29,19,29,26,6,12,17,24,23
11562997,Cowboys,0,1,22,7,0,10,11,11,29,5,27,3,11,25,20,24
11563000,Commanders,0,1,22,7,0,10,13,13,20,14,13,17,13,30,9,25
11562984,Cardinals,0,1,22,16,0,1,32,32,32,32,32,29,32,32,30,31
11562970,Vikings,0,1,22,10,0,7,24,24,26,22,9,32,20,7,31,22
11562978,Steelers,0,1,22,10,0,7,25,25,22,24,25,10,24,15,5,11
11562980,Dolphins,0,1,22,10,0,7,20,20,28,12,8,27,14,22,26,26
11562995,Packers,0,1,22,14,0,3,30,30,25,31,21,30,30,11,15,12
11573942,Falcons,0,2,0,8,0,9,15,0,3,26,18,20,25,6,14,5
11573939,Packers,0,2,0,14,0,3,30,0,25,31,21,30,30,11,15,12
11573922,Steelers,0,2,0,10,0,7,25,0,22,24,25,10,24,15,5,11
11573934,Bengals,0,2,0,7,0,10,12,0,10,9,6,12,5,3,17,2
11573935,Browns,0,2,0,10,0,7,23,0,18,30,30,23,31,14,10,10
11573925,Seahawks,0,2,0,6,0,11,8,0,12,3,5,9,4,21,7,16
11573938,Chiefs,0,2,0,12,0,5,27,0,27,17,17,13,16,18,29,28
11573923,Broncos,0,2,0,1,0,16,1,0,4,1,10,1,2,26,6,19
11573916,Ravens,0,2,0,5,0,12,6,0,11,6,31,2,17,9,3,3
11573945,49ers,0,2,0,8,0,9,16,0,1,28,22,18,28,1,1,1
11573928,Cardinals,0,2,0,16,0,1,32,0,32,32,32,29,32,32,30,31
11573924,Dolphins,0,2,0,10,0,7,20,0,28,12,8,27,14,22,26,26
11573919,Jets,0,2,0,13,0,4,28,0,31,10,1,31,1,23,32,32
11573927,Texans,0,2,0,9,0,8,19,0,23,23,3,24,8,10,28,20
11573931,Colts,0,2,0,13,0,4,29,0,19,29,26,6,12,17,24,23
11573930,Titans,0,2,0,2,0,15,3,0,13,2,4,8,3,19,4,14
11573914,Vikings,0,2,0,10,0,7,24,0,26,22,9,32,20,7,31,22
11573921,Lions,0,2,0,4,0,13,2,0,8,7,19,4,7,4,21,6
11573917,Bears,0,2,0,9,0,8,17,0,14,19,15,21,19,24,16,21
11573920,Raiders,0,2,0,6,0,11,9,0,16,8,2,28,9,31,22,29
11573929,Chargers,0,2,0,8,0,9,14,0,15,27,11,26,18,16,8,13
11573933,Panthers,0,2,0,10,0,7,21,0,6,25,24,14,26,5,13,4
11573915,Eagles,0,2,0,15,0,2,31,0,30,16,12,7,6,27,27,30
11573937,Bills,0,2,0,11,0,6,26,0,24,18,7,19,10,28,18,27
11573940,Saints,0,2,0,6,0,11,7,0,9,13,20,11,22,2,25,7
11573932,Jaguars,0,2,0,9,0,8,18,0,21,11,23,16,27,20,12,18
11573944,Commanders,0,2,0,7,0,10,13,0,20,14,13,17,13,30,9,25
11573936,Patriots,0,2,0,4,0,13,4,0,2,4,28,5,15,29,2,17
11573943,Giants,0,2,0,7,0,10,10,0,7,21,14,25,21,13,11,9
11573918,Buccaneers,0,2,0,5,0,12,5,0,5,15,29,15,29,8,19,8
11573926,Rams,0,2,0,10,0,7,22,0,17,20,16,22,23,12,23,15
11573941,Cowboys,0,2,0,7,0,10,11,0,29,5,27,3,11,25,20,24
11595058,Cardinals,0,2,2,16,0,1,32,0,32,32,32,29,32,32,30,31
11595066,Patriots,0,2,2,4,0,13,4,0,2,4,28,5,15,29,2,17
11595061,Colts,0,2,2,13,0,4,29,0,19,29,26,6,12,17,24,23
11595054,Seahawks,0,2,2,6,0,11,8,0,12,3,5,9,4,21,7,16
11595059,Chargers,0,2,2,8,0,9,14,0,15,27,11,26,18,16,8,13
11595057,Texans,0,2,2,9,0,8,19,0,23,23,3,24,8,10,28,20
11595067,Bills,0,2,2,11,0,6,26,0,24,18,7,19,10,28,18,27
11595052,Broncos,0,2,2,1,0,16,1,0,4,1,10,1,2,26,6,19
11595053,Dolphins,0,2,2,10,0,7,20,0,28,12,8,27,14,22,26,26
11595050,Raiders,0,2,2,6,0,11,9,0,16,8,2,28,9,31,22,29
11595051,Lions,0,2,2,4,0,13,2,0,8,7,19,4,7,4,21,6
11595056,Steelers,0,2,2,10,0,7,25,0,22,24,25,10,24,15,5,11
11595064,Bengals,0,2,2,7,0,10,12,0,10,9,6,12,5,3,17,2
11595049,Jets,0,2,2,13,0,4,28,0,31,10,1,31,1,23,32,32
11595068,Chiefs,0,2,2,12,0,5,27,0,27,17,17,13,16,18,29,28
11595075,49ers,0,2,2,8,0,9,16,0,1,28,22,18,28,1,1,1
11595074,Commanders,0,2,2,7,0,10,13,0,20,14,13,17,13,30,9,25
11595063,Panthers,0,2,2,10,0,7,21,0,6,25,24,14,26,5,13,4
11595071,Cowboys,0,2,2,7,0,10,11,0,29,5,27,3,11,25,20,24
11595065,Browns,0,2,2,10,0,7,23,0,18,30,30,23,31,14,10,10
11595055,Rams,0,2,2,10,0,7,22,0,17,20,16,22,23,12,23,15
11595073,Giants,0,2,2,7,0,10,10,0,7,21,14,25,21,13,11,9
11595047,Bears,0,2,2,9,0,8,17,0,14,19,15,21,19,24,16,21
11595069,Packers,0,2,2,14,0,3,30,0,25,31,21,30,30,11,15,12
11595046,Ravens,0,2,2,5,0,12,6,0,11,6,31,2,17,9,3,3
11595070,Saints,0,2,2,6,0,11,7,0,9,13,20,11,22,2,25,7
11595060,Titans,0,2,2,2,0,15,3,0,13,2,4,8,3,19,4,14
11595044,Vikings,0,2,2,10,0,7,24,0,26,22,9,32,20,7,31,22
11595045,Eagles,0,2,2,15,0,2,31,0,30,16,12,7,6,27,27,30
11595048,Buccaneers,0,2,2,5,0,12,5,0,5,15,29,15,29,8,19,8
11595072,Falcons,0,2,2,8,0,9,15,0,3,26,18,20,25,6,14,5
11595062,Jaguars,0,2,2,9,0,8,18,0,21,11,23,16,27,20,12,18
11628297,Cowboys,0,2,7,7,0,10,11,0,29,5,27,3,11,25,20,24
11628287,Colts,0,2,7,13,0,4,29,0,19,29,26,6,12,17,24,23
11628273,Bears,0,2,7,9,0,8,17,0,14,19,15,21,19,24,16,21
11628274,Buccaneers,0,2,7,5,0,12,5,0,5,15,29,15,29,8,19,8
11628301,49ers,0,2,7,8,0,9,16,0,1,28,22,18,28,1,1,1
11628279,Dolphins,0,2,7,10,0,7,20,0,28,12,8,27,14,22,26,26
11628276,Raiders,0,2,7,6,0,11,9,0,16,8,2,28,9,31,22,29
11628291,Browns,0,2,7,10,0,7,23,0,18,30,30,23,31,14,10,10
11628299,Giants,0,2,7,7,0,10,10,0,7,21,14,25,21,13,11,9
11628278,Broncos,0,2,7,1,0,16,1,0,4,1,10,1,2,26,6,19
11628293,Bills,0,2,7,11,0,6,26,0,24,18,7,19,10,28,18,27
11628294,Chiefs,0,2,7,12,0,5,27,0,27,17,17,13,16,18,29,28
11628277,Lions,0,2,7,4,0,13,2,0,8,7,19,4,7,4,21,6
11628271,Eagles,0,2,7,15,0,2,31,0,30,16,12,7,6,27,27,30
11628292,Patriots,0,2,7,4,0,13,4,0,2,4,28,5,15,29,2,17
11628270,Vikings,0,2,7,10,0,7,24,0,26,22,9,32,20,7,31,22
11628286,Titans,0,2,7,2,0,15,3,0,13,2,4,8,3,19,4,14
11628298,Falcons,0,2,7,8,0,9,15,0,3,26,18,20,25,6,14,5
11628290,Bengals,0,2,7,7,0,10,12,0,10,9,6,12,5,3,17,2
11628289,Panthers,0,2,7,10,0,7,21,0,6,25,24,14,26,5,13,4
11628288,Jaguars,0,2,7,9,0,8,18,0,21,11,23,16,27,20,12,18
11628281,Rams,0,2,7,10,0,7,22,0,17,20,16,22,23,12,23,15
11628282,Steelers,0,2,7,10,0,7,25,0,22,24,25,10,24,15,5,11
11628296,Saints,0,2,7,6,0,11,7,0,9,13,20,11,22,2,25,7
11628300,Commanders,0,2,7,7,0,10,13,0,20,14,13,17,13,30,9,25
11628275,Jets,0,2,7,13,0,4,28,0,31,10,1,31,1,23,32,32
11628280,Seahawks,0,2,7,6,0,11,8,0,12,3,5,9,4,21,7,16
11628285,Chargers,0,2,7,8,0,9,14,0,15,27,11,26,18,16,8,13
11628272,Ravens,0,2,7,5,0,12,6,0,11,6,31,2,17,9,3,3
11628283,Texans,0,2,7,9,0,8,19,0,23,23,3,24,8,10,28,20
11628295,Packers,0,2,7,14,0,3,30,0,25,31,21,30,30,11,15,12
11628284,Cardinals,0,2,7,16,0,1,32,0,32,32,32,29,32,32,30,31
11642792,Browns,0,2,15,10,0,7,23,0,18,30,30,23,31,14,10,10
11642790,Panthers,0,2,15,10,0,7,21,0,6,25,24,14,26,5,13,4
11642785,Cardinals,0,2,15,16,0,1,32,0,32,32,32,29,32,32,30,31
11642777,Raiders,0,2,15,6,0,11,9,0,16,8,2,28,9,31,22,29
11642799,Falcons,0,2,15,8,0,9,15,0,3,26,18,20,25,6,14,5
11642802,49ers,0,2,15,8,0,9,16,0,1,28,22,18,28,1,1,1
11642783,Steelers,0,2,15,10,0,7,25,0,22,24,25,10,24,15,5,11
11642801,Commanders,0,2,15,7,0,10,13,0,20,14,13,17,13,30,9,25
11642798,Cowboys,0,2,15,7,0,10,11,0,29,5,27,3,11,25,20,24
11642780,Dolphins,0,2,15,10,0,7,20,0,28,12,8,27,14,22,26,26
11642788,Colts,0,2,15,13,0,4,29,0,19,29,26,6,12,17,24,23
11642789,Jaguars,0,2,15,9,0,8,18,0,21,11,23,16,27,20,12,18
11642791,Bengals,0,2,15,7,0,10,12,0,10,9,6,12,5,3,17,2
11642794,Bills,0,2,15,11,0,6,26,0,24,18,7,19,10,28,18,27
11642779,Broncos,0,2,15,1,0,16,1,0,4,1,10,1,2,26,6,19
11642800,Giants,0,2,15,7,0,10,10,0,7,21,14,25,21,13,11,9
11642775,Buccaneers,0,2,15,5,0,12,5,0,5,15,29,15,29,8,19,8
11642776,Bears,0,2,15,9,0,8,17,0,14,19,15,21,19,24,16,21
11642784,Texans,0,2,15,9,0,8,19,0,23,23,3,24,8,10,28,20
11642796,Packers,0,2,15,14,0,3,30,0,25,31,21,30,30,11,15,12
11642773,Ravens,0,2,15,5,0,12,6,0,11,6,31,2,17,9,3,3
11642781,Seahawks,0,2,15,6,0,11,8,0,12,3,5,9,4,21,7,16
11642797,Saints,0,2,15,6,0,11,7,0,9,13,20,11,22,2,25,7
11642786,Chargers,0,2,15,8,0,9,14,0,15,27,11,26,18,16,8,13
11642782,Rams,0,2,15,10,0,7,22,0,17,20,16,22,23,12,23,15
11642771,Vikings,0,2,15,10,0,7,24,0,26,22,9,32,20,7,31,22
11642787,Titans,0,2,15,2,0,15,3,0,13,2,4,8,3,19,4,14
11642793,Patriots,0,2,15,4,0,13,4,0,2,4,28,5,15,29,2,17
11642772,Eagles,0,2,15,15,0,2,31,0,30,16,12,7,6,27,27,30
11642778,Lions,0,2,15,4,0,13,2,0,8,7,19,4,7,4,21,6
11642795,Chiefs,0,2,15,12,0,5,27,0,27,17,17,13,16,18,29,28
11642774,Jets,0,2,15,13,0,4,28,0,31,10,1,31,1,23,32,32
11643083,Patriots,1,0,0,0,0,1,1,0,25,1,3,1,1,25,28,25
11643077,Titans,1,0,0,0,0,0,22,0,23,10,10,10,10,23,23,23
11643060,Eagles,1,0,0,0,0,0,7,0,11,22,22,22,22,11,11,11
11643088,Falcons,1,0,0,0,0,0,10,0,12,21,21,21,21,12,12,12
11643065,Buccaneers,1,0,0,0,0,0,13,0,6,27,27,27,27,6,6,6
11643087,Saints,1,0,0,0,0,0,12,0,20,13,13,13,13,20,20,20
11643067,Broncos,1,0,0,1,0,0,30,0,30,4,7,4,7,32,25,31
11643080,Panthers,1,0,0,0,0,0,11,0,17,16,16,16,16,17,17,17
11643075,Cardinals,1,0,0,0,0,0,6,0,7,26,26,26,26,7,7,7
11643063,Raiders,1,0,0,0,0,0,17,0,18,15,15,15,15,18,18,18
11643076,Chargers,1,0,0,0,0,1,3,0,26,2,6,2,4,29,27,28
11643086,Packers,1,0,0,0,0,0,14,0,16,17,17,17,17,16,16,16
11643081,Bengals,1,0,0,0,0,0,27,0,3,30,30,30,30,3,3,3
11643085,Chiefs,1,0,0,0,0,0,18,0,8,25,25,25,25,8,8,8
11643072,Rams,1,0,0,0,0,1,4,0,27,5,5,3,3,31,26,27
11643059,Vikings,1,0,0,0,0,0,15,0,24,9,9,9,9,24,24,24
11643069,49ers,1,0,0,0,0,0,5,0,1,32,32,32,32,1,1,1
11643068,Cowboys,1,0,0,1,0,0,32,0,31,8,8,6,8,30,32,32
11643078,Colts,1,0,0,0,0,0,24,0,9,24,24,24,24,9,9,9
11643066,Bears,1,0,0,0,0,0,16,0,2,31,31,31,31,2,2,2
11643082,Browns,1,0,0,0,0,0,28,0,5,28,28,28,28,5,5,5
11643070,Dolphins,1,0,0,1,0,0,29,0,28,7,2,7,6,28,30,30
11643061,Ravens,1,0,0,0,0,0,25,0,19,14,14,14,14,19,19,19
11643064,Lions,1,0,0,1,0,0,31,0,32,6,4,5,5,27,31,29
11643084,Bills,1,0,0,0,0,0,20,0,4,29,29,29,29,4,4,4
11643073,Steelers,1,0,0,0,0,0,26,0,21,12,12,12,12,21,21,21
11643089,Giants,1,0,0,0,0,0,8,0,13,20,20,20,20,13,13,13
11643090,Commanders,1,0,0,0,0,0,9,0,10,23,23,23,23,10,10,10
11643062,Jets,1,0,0,0,0,0,19,0,15,18,18,18,18,15,15,15
11643071,Seahawks,1,0,0,0,0,1,2,0,29,3,1,8,2,26,29,26
11643079,Jaguars,1,0,0,0,0,0,21,0,14,19,19,19,19,14,14,14
11643074,Texans,1,0,0,0,0,0,23,0,22,11,11,11,11,22,22,22
11684199,Cardinals,1,0,1,1,0,0,30,6,24,32,32,27,32,15,9,12
11684197,Steelers,1,0,1,1,0,1,17,26,15,19,10,1,1,30,25,28
11684198,Texans,1,0,1,1,0,0,23,23,17,25,30,20,28,20,26,23
11684201,Titans,1,0,1,1,0,0,25,22,28,15,15,31,21,27,23,26
11684191,Bears,1,0,1,0,0,1,12,16,4,22,28,13,20,10,8,8
11684206,Packers,1,0,1,1,0,0,31,14,29,30,31,26,31,9,11,7
11684205,Chiefs,1,0,1,2,0,0,32,18,30,29,8,12,9,28,31,30
11684183,Cowboys,1,0,1,1,0,0,28,32,32,26,27,22,26,21,28,24
11684185,Ravens,1,0,1,0,0,1,1,25,2,3,22,23,25,1,7,1
11684194,Dolphins,1,0,1,1,0,0,20,29,16,20,11,29,17,16,22,20
11684195,Seahawks,1,0,1,0,0,1,9,2,21,7,9,30,12,13,15,15
11684182,Saints,1,0,1,1,0,1,14,12,10,8,3,14,6,24,29,27
11684202,Colts,1,0,1,1,0,0,29,24,23,31,29,32,30,7,5,3
11684178,Bills,1,0,1,0,0,1,13,20,18,10,12,21,16,18,6,13
11684204,Bengals,1,0,1,1,0,1,15,27,6,9,2,8,2,14,24,18
11684180,Falcons,1,0,1,0,0,1,8,10,20,5,7,10,8,19,3,10
11684179,Vikings,1,0,1,1,0,0,26,15,22,27,25,24,27,12,18,16
11684200,Chargers,1,0,1,0,0,1,5,3,12,2,16,9,15,17,12,17
11684196,Rams,1,0,1,1,0,1,18,4,26,12,6,3,4,31,17,29
11684190,Buccaneers,1,0,1,1,0,0,27,13,31,23,26,18,23,22,21,21
11684187,Jets,1,0,1,1,0,0,21,19,11,28,20,25,24,4,20,11
11684188,Raiders,1,0,1,0,0,2,4,17,14,6,1,11,3,25,16,25
11684203,Jaguars,1,0,1,0,0,1,7,21,5,14,18,17,18,6,10,5
11684177,Eagles,1,0,1,0,0,1,10,7,9,16,21,6,14,8,19,9
11684176,Patriots,1,0,1,0,0,1,3,1,8,1,13,4,10,5,13,6
11684193,49ers,1,0,1,1,0,1,16,5,3,21,4,15,7,29,32,31
11684186,Commanders,1,0,1,0,0,1,6,9,13,4,19,2,13,23,1,14
11684181,Panthers,1,0,1,0,0,1,11,11,7,18,14,7,11,2,14,4
11684175,Browns,1,0,1,1,0,0,24,28,19,24,24,16,22,11,27,19
11684189,Lions,1,0,1,1,0,1,19,31,27,13,5,5,5,32,30,32
11684184,Giants,1,0,1,0,0,1,2,8,1,11,23,28,29,3,2,2
11684192,Broncos,1,0,1,1,0,0,22,30,25,17,17,19,19,26,4,22
11696783,Colts,1,0,2,1,0,1,24,29,20,28,10,32,21,7,7,6
11696779,49ers,1,0,2,1,0,1,13,16,3,26,14,30,26,15,28,22
11696771,Dolphins,1,0,2,1,0,1,14,20,8,16,16,23,22,19,11,15
11696756,Patriots,1,0,2,0,0,2,2,3,23,2,4,7,4,25,13,24
11696785,Packers,1,0,2,2,0,0,32,31,27,32,31,31,32,11,12,10
11696766,Eagles,1,0,2,1,0,1,18,10,9,27,30,5,15,4,27,9
11696773,Steelers,1,0,2,1,0,1,17,17,15,18,24,2,8,17,10,12
11696772,Seahawks,1,0,2,1,0,1,16,9,28,3,1,25,5,29,18,29
11696761,Giants,1,0,2,1,0,1,11,2,1,14,19,16,20,8,1,3
11696775,Cardinals,1,0,2,1,0,1,25,30,16,31,32,18,31,20,15,17
11696786,Bengals,1,0,2,1,0,1,9,15,5,8,8,20,10,2,8,1
11696780,Browns,1,0,2,1,0,1,15,24,11,15,20,13,16,9,22,11
11696770,Broncos,1,0,2,2,0,1,26,22,25,6,3,1,1,32,23,32
11696781,Bears,1,0,2,1,0,1,20,12,19,24,27,12,24,26,5,19
11696763,Commanders,1,0,2,0,0,2,6,6,12,9,29,8,18,24,3,16
11696777,Titans,1,0,2,1,0,1,21,25,18,25,21,21,27,28,16,26
11696757,Vikings,1,0,2,3,0,0,30,26,29,17,5,19,6,30,32,31
11696778,Lions,1,0,2,1,0,1,23,19,26,13,18,17,19,27,24,27
11696764,Bills,1,0,2,1,0,2,7,13,10,7,2,4,2,21,6,13
11696759,Saints,1,0,2,1,0,1,8,14,7,5,12,28,23,5,19,7
11696768,Raiders,1,0,2,0,0,2,3,4,14,4,7,24,11,6,2,4
11696784,Jaguars,1,0,2,0,0,2,4,7,2,19,26,10,17,3,17,5
11696760,Cowboys,1,0,2,2,0,0,28,28,21,29,28,26,30,10,30,21
11696776,Chargers,1,0,2,1,0,1,12,5,13,10,11,9,7,16,20,14
11696787,Chiefs,1,0,2,2,0,0,31,32,30,30,23,27,29,14,26,20
11696758,Falcons,1,0,2,0,0,2,1,8,22,1,6,3,3,23,9,18
11696782,Rams,1,0,2,2,0,1,27,18,31,21,9,15,9,31,21,30
11696765,Panthers,1,0,2,0,0,2,5,11,6,12,22,6,13,13,4,8
11696762,Ravens,1,0,2,1,0,1,10,1,4,11,15,29,25,1,14,2
11696769,Buccaneers,1,0,2,1,0,1,22,27,24,23,17,11,12,18,25,23
11696774,Texans,1,0,2,1,0,1,19,23,17,20,25,22,28,22,29,28
11696767,Jets,1,0,2,2,0,0,29,21,32,22,13,14,14,12,31,25
11708423,Texans,1,0,3,2,0,1,27,19,21,30,31,24,32,27,30,32
11708420,Steelers,1,0,3,2,0,1,21,17,16,21,17,2,8,21,11,15
11708422,Titans,1,0,3,2,0,1,25,21,22,26,21,26,27,23,19,24
11708419,Seahawks,1,0,3,1,0,2,9,16,27,3,2,21,4,28,10,22
11708417,Broncos,1,0,3,2,0,1,20,26,30,5,7,4,5,32,9,30
11708416,Raiders,1,0,3,1,0,2,16,3,26,11,15,30,23,9,17,9
11708418,Dolphins,1,0,3,1,0,2,10,14,5,10,13,19,15,26,14,25
11708415,Jets,1,0,3,3,0,0,31,29,29,23,10,17,11,5,29,14
11708426,Lions,1,0,3,1,0,2,15,23,25,12,29,16,24,30,25,31
11708413,Panthers,1,0,3,1,0,2,11,5,9,18,24,9,18,8,12,7
11708427,49ers,1,0,3,1,0,2,8,13,1,25,8,27,19,16,32,29
11708409,Cowboys,1,0,3,2,0,1,23,28,14,29,25,22,28,12,28,19
11708428,Browns,1,0,3,2,0,1,19,15,10,20,20,12,17,11,23,11
11708410,Giants,1,0,3,1,0,2,7,11,2,16,23,5,14,7,2,2
11708429,Bears,1,0,3,1,0,2,12,20,12,14,18,13,16,29,4,20
11708411,Ravens,1,0,3,2,0,1,17,10,4,22,14,14,12,1,16,3
11708408,Saints,1,0,3,2,0,1,18,8,15,8,9,31,21,18,24,18
11708406,Vikings,1,0,3,3,0,0,30,30,31,15,16,32,25,20,27,28
11708425,Cardinals,1,0,3,2,0,1,28,25,17,32,26,20,26,22,21,21
11708414,Eagles,1,0,3,2,0,1,22,18,24,19,19,3,9,14,22,13
11708407,Falcons,1,0,3,0,0,3,1,1,6,1,3,1,1,17,5,10
11708405,Patriots,1,0,3,0,0,3,2,2,20,2,1,10,2,25,20,26
11708432,Jaguars,1,0,3,0,0,3,3,4,3,13,30,8,20,2,18,5
11708434,Bengals,1,0,3,1,0,2,4,9,7,4,4,25,6,3,15,6
11708404,Buccaneers,1,0,3,2,0,1,26,22,23,28,11,11,10,15,26,16
11708431,Colts,1,0,3,1,0,2,14,24,11,24,12,29,22,13,8,8
11708430,Rams,1,0,3,2,0,1,29,27,32,17,28,28,31,24,6,17
11708433,Packers,1,0,3,2,0,1,24,32,19,27,32,18,30,6,7,4
11708412,Commanders,1,0,3,1,0,2,13,6,18,9,22,7,13,31,3,27
11708435,Chiefs,1,0,3,3,0,0,32,31,28,31,27,23,29,10,31,23
11708424,Bills,1,0,3,1,0,2,5,7,8,7,6,15,7,4,1,1
11708421,Chargers,1,0,3,1,0,2,6,12,13,6,5,6,3,19,13,12
11722029,Saints,1,1,0,0,0,0,27,0,9,24,25,25,25,8,8,8
11722005,Patriots,1,1,0,0,0,1,3,0,12,9,8,19,13,17,11,14
11722019,Chargers,1,1,0,1,0,0,12,0,17,18,9,20,14,20,19,17
11722031,Colts,1,1,0,0,0,1,4,0,18,1,14,8,12,27,21,25
11722034,Bengals,1,1,0,0,0,1,8,0,24,7,3,17,7,31,24,30
11722030,Eagles,1,1,0,0,0,0,25,0,4,28,29,29,29,4,4,4
11722007,Falcons,1,1,0,1,0,0,14,0,28,11,10,11,9,16,27,18
11722028,Rams,1,1,0,1,0,0,18,0,20,19,20,21,20,12,20,12
11722006,Vikings,1,1,0,0,0,0,30,0,11,22,23,23,23,10,10,10
11722023,Cardinals,1,1,0,1,0,0,21,0,27,31,22,10,22,21,31,27
11722010,Ravens,1,1,0,0,0,0,32,0,8,25,26,26,26,7,7,7
11722027,Bears,1,1,0,0,0,0,31,0,1,32,32,32,32,1,1,1
11722033,Packers,1,1,0,0,0,0,29,0,5,27,28,28,28,5,5,5
11722009,Giants,1,1,0,0,0,1,2,0,14,14,21,13,21,13,12,13
11722011,Commanders,1,1,0,0,0,0,26,0,2,30,31,31,31,2,2,2
11722026,Browns,1,1,0,0,0,1,10,0,16,12,15,4,10,22,15,16
11722008,Cowboys,1,1,0,0,0,0,24,0,3,29,30,30,30,3,3,3
11722025,49ers,1,1,0,0,0,1,11,0,15,16,13,14,16,24,13,19
11722012,Panthers,1,1,0,0,0,0,28,0,6,26,27,27,27,6,6,6
11722024,Lions,1,1,0,0,0,1,7,0,23,5,17,6,15,23,22,24
11722013,Jets,1,1,0,1,0,0,17,0,30,10,1,15,1,28,32,31
11722020,Titans,1,1,0,1,0,0,19,0,32,15,6,12,8,19,26,21
11722035,Chiefs,1,1,0,1,0,0,22,0,31,20,19,16,18,26,28,29
11722022,Bills,1,1,0,0,0,1,5,0,21,3,5,1,2,32,18,32
11722018,Steelers,1,1,0,1,0,0,13,0,26,8,2,9,3,30,16,26
11722016,Dolphins,1,1,0,1,0,0,20,0,25,21,16,22,19,25,14,20
11722014,Raiders,1,1,0,0,0,1,9,0,7,4,12,2,6,11,23,11
11722015,Broncos,1,1,0,0,0,1,1,0,13,2,7,5,4,14,17,15
11722021,Texans,1,1,0,1,0,0,16,0,29,13,4,7,5,15,30,22
11722017,Seahawks,1,1,0,0,0,0,23,0,10,23,24,24,24,9,9,9
11722004,Buccaneers,1,1,0,1,0,0,15,0,22,17,11,18,17,18,29,23
11722032,Jaguars,1,1,0,0,0,1,6,0,19,6,18,3,11,29,25,28
11761432,Chiefs,1,1,1,2,0,0,23,22,26,31,23,16,22,26,12,22
11761405,Cowboys,1,1,1,0,0,2,2,24,7,5,20,1,6,15,24,15
11761431,Bengals,1,1,1,0,0,2,1,8,12,16,4,20,8,29,14,26
11761401,Buccaneers,1,1,1,2,0,0,26,15,24,17,8,5,5,12,30,17
11761428,Colts,1,1,1,1,0,1,11,4,11,14,18,17,21,23,16,23
11761422,49ers,1,1,1,0,0,1,8,11,5,22,28,27,31,7,2,2
11761408,Commanders,1,1,1,1,0,0,28,26,30,29,30,31,32,2,25,8
11761402,Patriots,1,1,1,0,0,1,5,3,1,9,26,32,29,1,1,1
11761415,Steelers,1,1,1,1,0,1,10,13,9,23,6,13,7,27,8,19
11761412,Broncos,1,1,1,0,0,2,4,1,6,1,7,3,3,13,13,12
11761427,Eagles,1,1,1,1,0,0,31,25,21,24,27,25,27,10,4,7
11761419,Bills,1,1,1,0,0,2,6,5,18,3,5,4,4,31,20,30
11761409,Panthers,1,1,1,1,0,0,30,28,25,19,29,24,28,8,3,5
11761406,Giants,1,1,1,0,0,2,3,2,2,4,16,11,17,6,5,4
11761425,Rams,1,1,1,1,0,1,21,18,13,28,24,21,24,11,15,11
11761417,Titans,1,1,1,1,0,0,32,19,32,20,25,26,25,3,7,3
11761416,Chargers,1,1,1,2,0,0,25,12,10,27,12,23,16,14,21,14
11761403,Falcons,1,1,1,1,0,1,18,14,27,7,19,6,15,18,32,29
11761421,Lions,1,1,1,1,0,1,16,7,22,10,21,7,19,21,17,20
11761413,Dolphins,1,1,1,1,0,1,14,20,15,30,9,28,20,24,6,16
11761404,Vikings,1,1,1,1,0,0,29,30,14,26,31,22,26,5,11,6
11761423,Browns,1,1,1,1,0,1,22,10,4,25,17,10,18,17,9,13
11761418,Texans,1,1,1,1,0,1,12,16,28,6,2,15,2,32,23,31
11761426,Saints,1,1,1,1,0,1,20,27,20,18,14,9,13,28,22,28
11761420,Cardinals,1,1,1,2,0,0,24,21,29,32,32,18,30,25,31,32
11761410,Jets,1,1,1,1,0,0,27,17,31,11,15,29,23,9,18,10
11761429,Jaguars,1,1,1,1,0,1,9,6,19,13,22,2,14,20,29,27
11761407,Ravens,1,1,1,1,0,1,19,32,17,2,1,8,1,30,10,25
11761414,Seahawks,1,1,1,1,0,1,13,23,23,12,10,19,12,19,27,24
11761430,Packers,1,1,1,1,0,1,15,29,8,21,13,12,10,22,19,21
11761424,Bears,1,1,1,1,0,1,17,31,16,15,3,30,9,16,28,18
11761411,Raiders,1,1,1,0,0,2,7,9,3,8,11,14,11,4,26,9
11776669,Patriots,1,1,2,1,0,2,10,5,10,12,6,21,6,27,10,24
11776677,Raiders,1,1,2,0,0,3,4,7,2,2,10,2,4,7,15,7
11776694,Packers,1,1,2,2,0,1,22,15,17,26,22,14,21,21,26,27
11776673,Giants,1,1,2,0,0,2,5,3,1,3,27,23,28,1,1,1
11776688,Browns,1,1,2,1,0,2,12,22,4,20,18,20,20,24,6,20
11776666,Commanders,1,1,2,2,0,0,30,28,23,29,31,32,31,3,27,6
11776683,Texans,1,1,2,1,0,1,15,12,30,4,14,26,22,18,7,12
11776668,Buccaneers,1,1,2,3,0,0,27,26,28,19,9,8,8,13,30,22
11776674,Cowboys,1,1,2,0,0,3,2,2,6,7,24,1,11,8,23,11
11776687,49ers,1,1,2,1,0,2,13,8,3,24,11,18,15,10,11,9
11776696,Chiefs,1,1,2,2,0,1,24,23,16,31,28,17,26,20,8,16
11776675,Panthers,1,1,2,2,0,1,19,30,8,25,25,3,19,22,3,15
11776686,Lions,1,1,2,1,0,2,7,16,12,5,19,5,14,11,16,10
11776678,Broncos,1,1,2,0,0,3,3,4,5,1,7,4,2,6,12,5
11776693,Jaguars,1,1,2,2,0,1,18,9,26,17,20,6,17,29,29,31
11776679,Seahawks,1,1,2,1,0,1,16,13,27,11,23,30,27,5,14,4
11776676,Jets,1,1,2,2,0,1,17,27,32,16,2,16,3,31,32,32
11776684,Dolphins,1,1,2,2,0,1,21,14,29,28,16,31,23,30,9,26
11776695,Bengals,1,1,2,0,0,3,1,1,11,10,3,19,5,25,13,25
11776692,Colts,1,1,2,1,0,2,8,11,14,9,15,11,16,23,18,23
11776665,Bills,1,1,2,0,0,3,6,6,21,6,8,7,7,32,19,30
11776681,Chargers,1,1,2,3,0,0,29,25,13,23,5,27,9,16,24,17
11776691,Eagles,1,1,2,2,0,0,31,31,24,22,29,22,29,19,5,13
11776682,Titans,1,1,2,2,0,1,26,32,25,18,13,10,13,17,20,18
11776667,Rams,1,1,2,2,0,1,25,21,15,27,26,15,25,4,28,8
11776680,Steelers,1,1,2,1,0,1,14,10,9,21,21,24,24,12,2,3
11776670,Falcons,1,1,2,1,0,2,9,18,20,14,17,12,18,14,31,29
11776690,Saints,1,1,2,1,0,2,11,20,18,13,12,9,12,26,17,28
11776685,Cardinals,1,1,2,2,0,0,28,24,31,32,32,28,32,9,22,14
11776671,Vikings,1,1,2,2,0,0,32,29,7,30,30,25,30,2,21,2
11776672,Ravens,1,1,2,2,0,1,20,19,22,8,1,13,1,28,4,21
11776689,Bears,1,1,2,2,0,1,23,17,19,15,4,29,10,15,25,19
